https://www.2book.co/zh/venue/detail/IconicDanceStudio,Iconic Dance Studio,85297895192,æ­¡æ¨‚æ™‚é–“ï¼šæ˜ŸæœŸä¸€è‡³æ˜ŸæœŸäº”ï¼Œ6:00AM ~ 18:00PM  é»ƒé‡‘æ™‚é–“ï¼šæ˜ŸæœŸä¸€è‡³æ˜ŸæœŸäº”ã€æ˜ŸæœŸå…­æ—¥åŠå…¬çœ¾å‡æœŸï¼Œ18:00PM ~ 00:00PM  é€šå®µå ´ ï¼š0:00AM - 6:00AM    ROOM I 200 å‘ (é©åˆ4-5äººè·³èˆ)  é»ƒé‡‘æ™‚é–“ï¼šæ¸¯å¹£$110/ å°æ™‚  æ­¡æ¨‚æ™‚é–“ï¼šæ¸¯å¹£$50/ å°æ™‚  é€šå®µå ´ï¼šæ¸¯å¹£$250 ä»»ç©  *å†·æ°£è¨­å‚™ã€ç‰¹é•·ç·´ç¿’é¡ã€éŸ³ç®±ã€16è‰²é™æ§è®Šè‰²å½©ç‡ˆã€é«˜é€ŸWIFIã€ç¨ç«‹æ´—æ‰‹é–“ (24å°æ™‚ç†±æ°´ä¾›æ‡‰)ã€è‡ªå‹•éº»å°‡å°    ROOM D 300å‘ (é©åˆ7-8äººè·³èˆ)  é»ƒé‡‘æ™‚é–“ï¼šæ¸¯å¹£$170/ å°æ™‚  æ­¡æ¨‚æ™‚é–“ï¼šæ¸¯å¹£$80/ å°æ™‚  é€šå®µå ´ï¼šæ¸¯å¹£$350 ä»»ç©  *å†·æ°£è¨­å‚™ã€ç‰¹é•·ç·´ç¿’é¡ã€éŸ³ç®±ã€16è‰²é™æ§è®Šè‰²å½©ç‡ˆã€æŠ•å½±å™¨é€£å±å¹•ã€é«˜é€ŸWIFIã€ç¨ç«‹æ´—æ‰‹é–“ (24å°æ™‚ç†±æ°´ä¾›æ‡‰)ã€è‡ªå‹•éº»å°‡å°    ROOM S 600å‘ (é©åˆ10-14äººè·³èˆ)  é»ƒé‡‘æ™‚é–“ï¼šæ¸¯å¹£$280/ å°æ™‚  æ­¡æ¨‚æ™‚é–“ï¼šæ¸¯å¹£$140/ å°æ™‚  é€šå®µå ´ï¼šæ¸¯å¹£$500 ä»»ç©  *å†·æ°£è¨­å‚™ã€ç‰¹é•·ç·´ç¿’é¡ã€éŸ³ç®±ã€16è‰²é™æ§è®Šè‰²å½©ç‡ˆã€æŠ•å½±å™¨é€£å±å¹•ã€é«˜é€ŸWIFIã€ç¨ç«‹æ´—æ‰‹é–“ (24å°æ™‚ç†±æ°´ä¾›æ‡‰)ã€è‡ªå‹•éº»å°‡å°
https://www.2book.co/zh/venue/detail/%E9%A6%99%E6%B8%AF%E6%96%B0%E6%9D%B1%E6%96%B9%E5%BB%9A%E8%97%9D%E5%9F%B9%E8%A8%93%E5%A4%9A%E5%8A%9F%E8%83%BD%E7%83%B9%E9%A3%AA%E6%95%99%E5%AE%A4,é¦™æ¸¯æ–°æ±æ–¹å»šè—åŸ¹è¨“-å¤šåŠŸèƒ½çƒ¹é£ªæ•™å®¤,85252265880,ç”œå“æ•™å®¤ $2,500 èµ·/ æ¯å°æ™‚  è¥¿é¤æ•™å®¤ $2,000 èµ·/ æ¯å°æ™‚  å’–å•¡æ•™å®¤ $1,000 èµ·/ æ¯å°æ™‚
https://www.2book.co/zh/venue/detail/BuddyBuddyHome%E5%85%92%E7%AB%A5%E5%A4%A9%E5%9C%B0-2,Buddy Buddy Home - å…’ç«¥å¤©åœ°,85290970570,åŸåƒ¹å¤§äºº130/3å°æ™‚ï¼Œ å°æœ‹å‹85/3å°æ™‚    2bookç‰¹åƒ¹    **åŒ…å ´è²»ç”¨ æ¯äºº130hkd/4å°æ™‚ , 155hkd / 5å°æ™‚**    éå¤§ç¯€æ—¥çš„å…¨éƒ¨booking éƒ½æ˜¯åŒ…å…¨å ´
https://www.2book.co/zh/venue/detail/IconicDanceStudioTST,Iconic Dance Studio TST,85297895192,ç¦®æ‹œä¸€è‡³äº”  18:00å‰ HK$120/h  å…¶ä»–æ™‚é–“ HK$250/h
https://www.2book.co/zh/venue/detail/HOUS,HOUS,85268419954,$650 ä¸€å°æ™‚ã€‚ä¸‰å°æ™‚èµ· å¦åŠ $600æ¸…æ½”è²»ã€‚    (å·²åŒ…æ‹¬å»šæˆ¿, ç§äººæˆ¿é–“, ç©ºä¸­èŠ±åœ’)
https://www.2book.co/zh/venue/detail/%E7%9A%87%E5%AE%A4%E6%B4%BE%E5%B0%8D,çš‡å®¤æ´¾å°,85253081149,æ˜ŸæœŸä¸€è‡³æ—¥åŠå…¬çœ¾å‡æœŸ  <img draggable="false" class="emoji" alt="ğŸ—" src="https://www.2book.co/assets/emoji/128x128/1f357.png"> <img draggable="false" class="emoji" alt="ğŸ–" src="https://www.2book.co/assets/emoji/128x128/1f356.png"> Bbq  $298 4å°æ™‚ ï¼ˆæ­¤åƒ¹éŒ¢å·²åŒ…æ‹¬ç‚ºæ¯ä½å®¢äººæº–å‚™ç‡’çƒ¤é£Ÿå“ã€èœœç³–ï¼‰<img draggable="false" class="emoji" alt="ğŸ¢" src="https://www.2book.co/assets/emoji/128x128/1f362.png"><img draggable="false" class="emoji" alt="ğŸ¢" src="https://www.2book.co/assets/emoji/128x128/1f362.png"><img draggable="false" class="emoji" alt="ğŸ¢" src="https://www.2book.co/assets/emoji/128x128/1f362.png">  *æœ€ä½æ¶ˆè²»12äººåƒ¹éŒ¢  ğŸ§¸3æ­²è‡³12æ­²ç‚ºåŠåƒ¹  <img draggable="false" class="emoji" alt="âœ…" src="https://www.2book.co/assets/emoji/128x128/2705.png">æ”¶10%æœå‹™è²»    <img draggable="false" class="emoji" alt="â•" src="https://www.2book.co/assets/emoji/128x128/2795.png">å ´åœ°è¨­æœ‰ç¾å¼ç‡’çƒ¤çˆï¼Œå®¢äººå¯é¸æ“‡å¦åŠ $800ä»£ç‡’  <img draggable="false" class="emoji" alt="â•" src="https://www.2book.co/assets/emoji/128x128/2795.png">å¦‚éœ€è¦åŠ é˜è«‹å‘åŒäº‹è¯çµ¡  <img draggable="false" class="emoji" alt="âš " src="https://www.2book.co/assets/emoji/128x128/26a0.png">æ¯ä½å¯æœ‰å…©åŒ…å…è²»ç´™åŒ…é£²å“ï¼Œä½†åªè¦æ¯ä½åˆ°å ´å˜…å®¢äººæ–¼Facebook å’ŒInstagram åˆ†äº«åŠè®šå¥½â€çš‡å®¤æ´¾å°â€ï¼Œå³æ˜¯å¯ä»»é£²é£²å“ã€‚      <img draggable="false" class="emoji" alt="ğŸ”" src="https://www.2book.co/assets/emoji/128x128/1f354.png"><img draggable="false" class="emoji" alt="ğŸŒ­" src="https://www.2book.co/assets/emoji/128x128/1f32d.png">å¤–è³£æˆ–åˆ°æœƒ  æ˜ŸæœŸä¸€è‡³å›› 1ä½  $198/4å°æ™‚  *æœ€ä½æ¶ˆè²»12äººåƒ¹éŒ¢  <img draggable="false" class="emoji" alt="âœ…" src="https://www.2book.co/assets/emoji/128x128/2705.png">æ”¶10%æœå‹™è²»    æ˜ŸæœŸäº”å…­æ—¥åŠå…¬çœ¾ å‡æœŸ  $238ä½/4å°æ™‚  *æœ€ä½æ¶ˆè²»12äººåƒ¹éŒ¢  <img draggable="false" class="emoji" alt="âœ…" src="https://www.2book.co/assets/emoji/128x128/2705.png">æ”¶10%æœå‹™è²»    <img draggable="false" class="emoji" alt="ğŸ†“" src="https://www.2book.co/assets/emoji/128x128/1f193.png">ä»¥ä¸Šåƒ¹éŒ¢å‡å¯äº«ç”¨ä»¥ä¸‹è¨­æ–½å’Œé£²å“ä»»é£²      æ¸¸æ°´æ”¶è²»  <img draggable="false" class="emoji" alt="ğŸ¶" src="https://www.2book.co/assets/emoji/128x128/1f436.png"><img draggable="false" class="emoji" alt="ğŸ¶" src="https://www.2book.co/assets/emoji/128x128/1f436.png"><img draggable="false" class="emoji" alt="ğŸŠğŸ»" src="https://www.2book.co/assets/emoji/128x128/1f3ca-1f3fb.png">â€â™‚<img draggable="false" class="emoji" alt="ğŸŠğŸ»" src="https://www.2book.co/assets/emoji/128x128/1f3ca-1f3fb.png">â€â™€<img draggable="false" class="emoji" alt="ğŸ¶" src="https://www.2book.co/assets/emoji/128x128/1f436.png"><img draggable="false" class="emoji" alt="ğŸ¶" src="https://www.2book.co/assets/emoji/128x128/1f436.png"><img draggable="false" class="emoji" alt="ğŸŠğŸ»" src="https://www.2book.co/assets/emoji/128x128/1f3ca-1f3fb.png">â€â™‚<img draggable="false" class="emoji" alt="ğŸŠğŸ»" src="https://www.2book.co/assets/emoji/128x128/1f3ca-1f3fb.png">â€â™€<img draggable="false" class="emoji" alt="ğŸ¶" src="https://www.2book.co/assets/emoji/128x128/1f436.png"><img draggable="false" class="emoji" alt="ğŸ¶" src="https://www.2book.co/assets/emoji/128x128/1f436.png"><img draggable="false" class="emoji" alt="ğŸŠğŸ»" src="https://www.2book.co/assets/emoji/128x128/1f3ca-1f3fb.png">â€â™‚<img draggable="false" class="emoji" alt="ğŸŠğŸ»" src="https://www.2book.co/assets/emoji/128x128/1f3ca-1f3fb.png">â€â™€  <img draggable="false" class="emoji" alt="ğŸˆ" src="https://www.2book.co/assets/emoji/128x128/1f388.png">æ˜ŸæœŸä¸€è‡³æ—¥å…¬çœ¾å‡æœŸçµ±ä¸€æ”¶è²»<img draggable="false" class="emoji" alt="ğŸˆ" src="https://www.2book.co/assets/emoji/128x128/1f388.png">  æ¯ä½$88 /2å°æ™‚ <img draggable="false" class="emoji" alt="â±" src="https://www.2book.co/assets/emoji/128x128/23f1.png">    æ¯éš»ç‹—éš»å…¥å ´ <img draggable="false" class="emoji" alt="ğŸ¶" src="https://www.2book.co/assets/emoji/128x128/1f436.png"><img draggable="false" class="emoji" alt="ğŸ¶" src="https://www.2book.co/assets/emoji/128x128/1f436.png">$20  (é™¤æ³³æ± å¤–ï¼Œå ´å…§è¨­æ–½å…è²»äº«ç”¨)    <img draggable="false" class="emoji" alt="âœ…" src="https://www.2book.co/assets/emoji/128x128/2705.png">å¦‚ç‹—éš»æ¸¸æ°´ 1éš»/$88(å°å‹çŠ¬ï¼‰ $98ï¼ˆä¸­å‹çŠ¬ï¼‰ $108~é¢è­°(å¤§å‹çŠ¬ï¼‰  å¦‚ å¤§å‹ç‹— å¦å¤–æ”¶è²» å¯æŸ¥è©¢åŒäº‹  ï¼ˆè²»ç”¨å·²åŒ…æ‹¬ç‹—éš»å…¥å ´è²»ï¼‰  å¦‚éœ€åŠ é˜ æ¯ä½æ¯å°æ™‚$48(åªæŒ‰äººé ­æ”¶è²»ï¼‰<img draggable="false" class="emoji" alt="ğŸ¶" src="https://www.2book.co/assets/emoji/128x128/1f436.png"><img draggable="false" class="emoji" alt="ğŸ¶" src="https://www.2book.co/assets/emoji/128x128/1f436.png">å…è²»åŠ é˜    <img draggable="false" class="emoji" alt="âš " src="https://www.2book.co/assets/emoji/128x128/26a0.png">ä¸»äººæ¯ä½æœ€ä½æ¶ˆè²»ç‚º$88/2å°æ™‚ï¼ŒåŒ…æ‹¬å…©åŒ…ç´™åŒ…é£²å“<img draggable="false" class="emoji" alt="ğŸ¸" src="https://www.2book.co/assets/emoji/128x128/1f378.png"><img draggable="false" class="emoji" alt="ğŸ¹" src="https://www.2book.co/assets/emoji/128x128/1f379.png">å®¢äººå¯è‡ªæ”œé£Ÿç‰©é€²å ´<img draggable="false" class="emoji" alt="ğŸ½" src="https://www.2book.co/assets/emoji/128x128/1f37d.png">æˆ–å«å¤–è³£åˆ°æœƒ<img draggable="false" class="emoji" alt="ğŸ" src="https://www.2book.co/assets/emoji/128x128/1f35d.png"><img draggable="false" class="emoji" alt="ğŸ›" src="https://www.2book.co/assets/emoji/128x128/1f35b.png">      å…¬å¸å²€å·¦æ–°å˜…æ¸¸æ°´åƒ¹éŒ¢<img draggable="false" class="emoji" alt="ğŸ˜Š" src="https://www.2book.co/assets/emoji/128x128/1f60a.png"><img draggable="false" class="emoji" alt="ğŸ˜Š" src="https://www.2book.co/assets/emoji/128x128/1f60a.png"><img draggable="false" class="emoji" alt="ğŸ˜Š" src="https://www.2book.co/assets/emoji/128x128/1f60a.png">    å®¢äººå¯é¸æ“‡åŒ…å ´å…©å€‹é˜ï¼Œæ¯ä½ä¸»äºº128 ï¼Œ  ç‹—éš»æ¸¸æ°´88 98 108èµ·
https://www.2book.co/zh/venue/detail/OurplaceBBQPartyroom,Ourplace BBQ Partyroom,85262056967,è©³æƒ…è«‹å‘å ´åœ°è·å“¡æŸ¥è©¢ã€‚
https://www.2book.co/zh/venue/detail/NACASACafeBar,NACASA Cafe &amp; Bar,85268419954,å ´åœ°ç§Ÿç”¨1200ä¸€å°æ™‚ï¼Œ3å°æ™‚èµ·ï¼Œå¦æä¾›æ´¾å°é¤å–®ï¼Œè©³æƒ…è«‹èˆ‡åº—èˆ–è¯çµ¡
https://www.2book.co/zh/venue/detail/Kparty,Kparty,85262056967,PM 12:00 - PM 18:00 æ¯ä½<img draggable="false" class="emoji" alt="ğŸ’²" src="https://www.2book.co/assets/emoji/128x128/1f4b2.png">80/4hrs  PM 18:00 - PM 23:00æ¯ä½<img draggable="false" class="emoji" alt="ğŸ’²" src="https://www.2book.co/assets/emoji/128x128/1f4b2.png"> 120/4hrs  PM 23:00 - AM 3:00 æ¯ä½<img draggable="false" class="emoji" alt="ğŸ’²" src="https://www.2book.co/assets/emoji/128x128/1f4b2.png"> 160/4hrs    é ç´„é›»è©±ï¼š è­šå…ˆç”Ÿ 93842481
https://www.2book.co/zh/venue/detail/BuddyHome%E8%A7%80%E5%A1%98%E5%BA%97,Buddy Home è§€å¡˜åº—,85290970570,åŸåƒ¹å¤§äºº130/3å°æ™‚ï¼Œ å°æœ‹å‹85/3å°æ™‚    2bookç‰¹åƒ¹    **åŒ…å ´è²»ç”¨ æ¯äºº130hkd/4å°æ™‚ , 155hkd / 5å°æ™‚**    - 1-12äººå¯ä»¥åŒ…æˆ¿é–“ å¯ä»¥å®¹ç´15äºº ï¼ˆktv éŠæˆ²æ©Ÿ éº»å°‡ boardgames é›ªæ«ƒ ç¨ç«‹æ´—æ‰‹é–“ï¼‰ æœ€ä½æ¶ˆè²»5äººæˆ–è£œå·®åƒ¹  - 14äººä»¥ä¸Šå¯ä»¥åŒ…å¤§å»³ å¯ä»¥å®¹ç´40+äºº ï¼ˆéŸ³éŸ¿å’ª éŠæˆ²æ©Ÿ éº»å°‡ boardgames é›ªæ«ƒ ç¨ç«‹æ´—æ‰‹é–“ + æ‰€æœ‰å…¶ä»–è¨­æ–½ï¼‰ æœ€ä½æ¶ˆè²»14äººæˆ–è£œå·®åƒ¹  - 25äººä»¥ä¸Šå¯ä»¥åŒ…å…¨å ´ :) ï¼ˆ2x KTV éŠæˆ²æ©Ÿ éº»å°‡ + æ‰€æœ‰å…¶ä»–è¨­æ–½ï¼‰    *äººæ•¸ä¸è¶³çš„è©±å¯ä»¥è£œå·®åƒ¹åŒ…å¤§å»³  **æ˜ŸæœŸä¸€è‡³å›› æŒ‰ä¸åŒæœˆä»½ æœ‰å…¶ä»–å„ªæƒ   ***éœ€è¦è½è¨‚confirm booking
https://www.2book.co/zh/venue/detail/WildKitchen,Wild Kitchen,85263137609,Mon-thu  23:00-18:00 ($35 ppl/ hrs)  18:00-23:00 ($40 ppl / hrs)    Fri-sun (holiday)  23:00-18:00 ($40 ppl / hrs)  18:00-23:00 ($45 ppl/ hrs)    è¶…é9äººæˆ–ä»¥ä¸Š 9æŠ˜  è¶…é15äººæˆ–ä»¥ä¸Š85æŠ˜    ç§Ÿç”¨å»šå…·$200  6äººæˆ–ä»¥ä¸Šç§Ÿç”¨$300  
https://www.2book.co/zh/venue/detail/MyDreamPartyroom,My Dream Partyroom,85294983416,æ˜ŸæœŸä¸€è‡³å››    1è‡³2äºº ï¼š  06:00-13:00ï¼šæ¯ä½$25 / å°æ™‚  13:00-18:00ï¼šæ¯ä½$38 / å°æ™‚  18:00-23:00ï¼šæ¯ä½$42 / å°æ™‚  23:00-06:00ï¼šæ¯ä½$25 / å°æ™‚    3è‡³4äºº ï¼š  06:00-13:00ï¼šæ¯ä½$20 / å°æ™‚  13:00-18:00ï¼šæ¯ä½$30 / å°æ™‚  18:00-23:00ï¼šæ¯ä½$35 / å°æ™‚  23:00-06:00ï¼šæ¯ä½$20 / å°æ™‚    5äººæˆ–ä»¥ä¸Š ï¼š  06:00-13:00ï¼šæ¯ä½$18 / å°æ™‚  13:00-18:00ï¼šæ¯ä½$28 / å°æ™‚  18:00-23:00ï¼šæ¯ä½$32 / å°æ™‚  23:00-06:00ï¼šæ¯ä½$18 / å°æ™‚    æ˜ŸæœŸäº”å…­æ—¥    1è‡³2äºº ï¼š  06:00-13:00ï¼šæ¯ä½$28 / å°æ™‚  13:00-18:00ï¼šæ¯ä½$42 / å°æ™‚  18:00-23:00ï¼šæ¯ä½$45/ å°æ™‚  23:00-06:00ï¼šæ¯ä½$28 / å°æ™‚    3è‡³4äºº ï¼š  06:00-13:00ï¼šæ¯ä½$22 / å°æ™‚  13:00-18:00ï¼šæ¯ä½$35 / å°æ™‚  18:00-23:00ï¼šæ¯ä½$40 / å°æ™‚  23:00-06:00ï¼šæ¯ä½$22/ å°æ™‚    5äººæˆ–ä»¥ä¸Š ï¼š  06:00-13:00ï¼šæ¯ä½$20/ å°æ™‚  13:00-18:00ï¼šæ¯ä½$32 / å°æ™‚  18:00-23:00ï¼šæ¯ä½$37/ å°æ™‚  23:00-06:00ï¼šæ¯ä½$20/ å°æ™‚
https://www.2book.co/zh/venue/detail/Hanaparty,Hana party,85297895192,æ—©å ´å„ªæƒ æ™‚æ®µï¼š20/hæ¯ä½  ç¦®æ‹œä¸€åˆ°äº” 08:00-17:00   ç¦®æ‹œå…­æ—¥ 08:00-14:00     é»ƒé‡‘æ™‚æ®µï¼š33/hæ¯ä½  ç¦®æ‹œä¸€åˆ°äº” 17:00-23:00  ç¦®æ‹œå…­æ—¥ 14:00-23:00    å¤œå ´æ™‚æ®µï¼š25/hæ¯ä½  ç¦®æ‹œä¸€åˆ°äº” 23:00-å‡Œæ™¨08:00  ç¦®æ‹œå…­æ—¥ï¼š23:00-å‡Œæ™¨08:00    æœ€ä½æ¶ˆè²»2ä½4å°æ™‚
https://www.2book.co/zh/venue/detail/NightHouse,Night House,85263859731,æ˜ŸæœŸä¸€è‡³å››$2500,å‡æœŸåŠå‡æœŸå‰å¤•$3500
https://www.2book.co/zh/venue/detail/StudioHalf%E5%8D%8A%E5%9C%93%E7%A9%BA%E9%96%93,Studio Half åŠåœ“ç©ºé–“,85297265150,å•†æ¥­æ‹æ”åƒ¹éŒ¢ï¼š  **å„ªæƒ **  $600/å°æ™‚  $5000/10å°æ™‚
https://www.2book.co/zh/venue/detail/SeeYouShaw,SeeYou@Shaw,undefined,Venue rental is free.  Minimum charge on food and beverage consumption: $2,400 for 2 hours  å…å ´åœ°ç§Ÿé‡‘ï¼Œåªéœ€æœ€ä½é¤é£²æ¶ˆè²»: $2,400å…©å°æ™‚
https://www.2book.co/zh/venue/detail/Meetingcwb,Meeting@cwb,undefined,Mondays to Thursdays:  $2800 for 4 hours (venue only)  $3800 for 4 hours (venue + kitchen)  $600 cleaning fee (for kitchen user)    Fridays to Sundays + Public Holiday:  TBC
https://www.2book.co/zh/venue/detail/%E7%A7%8B%E4%B9%8B%E6%A5%93%E5%9C%8D%E5%A8%81%E5%96%82PARTY,ç§‹ä¹‹æ¥“@ åœå¨å–‚PARTY,undefined,ç‡Ÿæ¥­æ™‚é–“åŠæ”¶è²» :     &lt;æ˜ŸæœŸä¸€åˆ°æ˜ŸæœŸå››&gt;  10:00 a.m ~ 6:00 p.m  4 hrs- (åŸåƒ¹ $118 /person) 2019æŠµç©å„ªæƒ  $88 /person !!!  6:00 p.m. ~ 0:00 a.m.   3 hrs- (åŸåƒ¹ $138 /person) 2019æŠµç©å„ªæƒ  $108 /person !!!  4 hrs- (åŸåƒ¹ $158 /person) 2019æŠµç©å„ªæƒ  $128/person !!!    &lt;æ˜ŸæœŸäº”è‡³æ˜ŸæœŸæ—¥&amp;å…¬çœ¾å‡æœŸåŠå‰å¤• &gt;   10:00 a.m ~ 00:00 a.m   3 hrs- (åŸåƒ¹ $148 /person) 2019æŠµç©å„ªæƒ  $118 /person !!!  4 hrs- (åŸåƒ¹ $168 /person) 2019æŠµç©å„ªæƒ  $138/person !!!      å°ç«¥æ”¶è²»: 0 - 2æ­²ä»¥ä¸‹æ—¢BBä¸€å¾‹ â€œå…è²»FREE!â€œ  3 - 10æ­²æ—¢å°æœ‹å‹åŠåƒ¹   11æ­²ä»¥ä¸Šå…¨åƒ¹<img draggable="false" class="emoji" alt="ğŸ˜‰" src="https://www.2book.co/assets/emoji/128x128/1f609.png">    â€» åŠ é˜ $33@1hr æ¯äºº  â€» å…¶ä»–æ™‚é–“è«‹èˆ‡æˆ‘å€‘è¯çµ¡  â€» ç„¡é™æš¢é£²æ±½æ°´åŠç´™åŒ…é£²å“ (éé…’ç²¾)    <img draggable="false" class="emoji" alt="â­•" src="https://www.2book.co/assets/emoji/128x128/2b55.png">ä»¥ä¸Šä¸€å€‹åƒ¹éŒ¢å·²äº«æœ‰<img draggable="false" class="emoji" alt="âœ”" src="https://www.2book.co/assets/emoji/128x128/2714.png">ç¨ç«‹æˆ¿é–“ã€<img draggable="false" class="emoji" alt="ğŸ¹" src="https://www.2book.co/assets/emoji/128x128/1f379.png">ç„¡é™æš¢é£²æ±½æ°´åŠç´™åŒ…é£²å“ (éé…’ç²¾)ã€å…è²»WiFi,ã€<img draggable="false" class="emoji" alt="ğŸ•¹" src="https://www.2book.co/assets/emoji/128x128/1f579.png">çœŸå¯¦å‚³çµ±è¡—æ©Ÿ ã€<img draggable="false" class="emoji" alt="ğŸ“º" src="https://www.2book.co/assets/emoji/128x128/1f4fa.png">é«˜æ¸…é›»è¦–, ã€<img draggable="false" class="emoji" alt="ğŸ¬" src="https://www.2book.co/assets/emoji/128x128/1f3ac.png">ç§äººå½±é™¢ã€<img draggable="false" class="emoji" alt="ğŸ”ˆ" src="https://www.2book.co/assets/emoji/128x128/1f508.png">éŸ³éŸ¿è¨­å‚™ã€<img draggable="false" class="emoji" alt="ğŸ™" src="https://www.2book.co/assets/emoji/128x128/1f399.png">å”±Kç¥å™¨ã€<img draggable="false" class="emoji" alt="ğŸ®" src="https://www.2book.co/assets/emoji/128x128/1f3ae.png">é›»è¦–éŠæˆ²æ©Ÿ(PS4 åŒ VRã€Wiiã€ XBOX ONE S é«”æ„Ÿã€switch )ã€<img draggable="false" class="emoji" alt="ğŸ€„" src="https://www.2book.co/assets/emoji/128x128/1f004.png">éº»é›€ã€<img draggable="false" class="emoji" alt="ğŸƒ" src="https://www.2book.co/assets/emoji/128x128/1f0cf.png">å„å¼ Card Gameã€(æ³¢æ³¢æ± ã€æ»‘æ¢¯ã€<img draggable="false" class="emoji" alt="ğŸ¤" src="https://www.2book.co/assets/emoji/128x128/1f3a4.png">å¡æ‹‰OKéŸ³éŸ¿@å€‹åˆ¥æˆ¿é–“).    **å¦æœ‰ä»£å«åˆ°æœƒæœå‹™<img draggable="false" class="emoji" alt="ğŸ±" src="https://www.2book.co/assets/emoji/128x128/1f371.png">ï¼Œæ­¡è¿æŸ¥è©¢<img draggable="false" class="emoji" alt="ğŸ˜‰" src="https://www.2book.co/assets/emoji/128x128/1f609.png">
https://www.2book.co/zh/venue/detail/OnTimeHub,On Time Hub,undefined,æ¯ä½$38/å°æ™‚ (æœ€ä½æ¶ˆè²»ï¼š8ä½åŠç§Ÿç”¨3å°æ™‚)
https://www.2book.co/zh/venue/detail/COOKTOGATHER,COOK TO GATHER,undefined,æ¯ä½ $200/ 4 å°æ™‚
https://www.2book.co/zh/venue/detail/%E6%A3%8B%E8%91%A9DistinctFlowerboardgamecaf%C3%A9,æ£‹è‘© Distinct Flower boardgame cafÃ©,undefined,å…©ç¨®æ”¶è²»æ¨¡å¼ (é¸ä¸€ç¨®)  A. å…¥å ´è²»  (1400-1800) å°ç«¥åŠå­¸ç”Ÿæ¸¯å¹£$40, æˆäººæ¸¯å¹£$55  (1800-2300) å°ç«¥åŠå­¸ç”Ÿæ¸¯å¹£$55, æˆäººæ¸¯å¹£$70  B. è¨‚æˆ¿å„ªæƒ (è‡³å°‘ä¸‰å°æ™‚)  B1.å°æˆ¿é–“ (å…’ç«¥éŠæˆ²æˆ¿)  æ˜ŸæœŸä¸€è‡³äº”*  (0900-1800) æ¯å°æ™‚ æ¸¯å¹£$150  (1800-2300) æ¯å°æ™‚ æ¸¯å¹£$220    æ˜ŸæœŸå…­è‡³æ—¥  (1400-1800) æ¯å°æ™‚ æ¸¯å¹£$180  (1800-2300) æ¯å°æ™‚ æ¸¯å¹£$260  B2. å¤§å»³(æœƒè­°/æ•™å­¸/ æ´¾å°æˆ¿é–“)  æ˜ŸæœŸä¸€è‡³äº”*  (0900-1800) æ¯å°æ™‚ æ¸¯å¹£$200  (1800-2300) æ¯å°æ™‚ æ¸¯å¹£$300    æ˜ŸæœŸå…­è‡³æ—¥  (1400-1800) æ¯å°æ™‚ æ¸¯å¹£$340  (1800-2300) æ¯å°æ™‚ æ¸¯å¹£$390    *æ˜ŸæœŸä¸€è‡³äº”ç§Ÿè¨‚æˆ¿é–“ä¸åŒ…æ•™æ¡ŒéŠæœå‹™ã€‚å¦‚éœ€æ•™æ¡ŒéŠæœå‹™ï¼Œéœ€å¦åŠ æ¯å°æ™‚æ¸¯å¹£$50
https://www.2book.co/zh/venue/detail/PandaAtHome%E7%86%8A%E8%B2%93%E7%8E%A9%E9%A4%A8%E4%B9%8B%E3%80%90%E7%86%8A%E8%B2%93%E5%B7%B4%E5%A3%AB%E7%AB%99%E3%80%91,Panda At Home ç†Šè²“ç©é¤¨ä¹‹ã€ç†Šè²“å·´å£«ç«™ã€‘,undefined,www.pandathome.com/package/index_chi.php
https://www.2book.co/zh/venue/detail/%E5%9C%8D%E5%A8%81%E5%96%82PARTY,åœå¨å–‚ PARTY,undefined,ç‡Ÿæ¥­æ™‚é–“åŠæ”¶è²» :     &lt;æ˜ŸæœŸä¸€åˆ°æ˜ŸæœŸå››&gt;  10:00 a.m ~ 6:00 p.m  4 hrs- (åŸåƒ¹ $118 /person) 2019æŠµç©å„ªæƒ  $88 /person !!!  6:00 p.m. ~ 0:00 a.m.   3 hrs- (åŸåƒ¹ $138 /person) 2019æŠµç©å„ªæƒ  $108 /person !!!  4 hrs- (åŸåƒ¹ $158 /person) 2019æŠµç©å„ªæƒ  $128/person !!!    &lt;æ˜ŸæœŸäº”è‡³æ˜ŸæœŸæ—¥&amp;å…¬çœ¾å‡æœŸåŠå‰å¤• &gt;   10:00 a.m ~ 00:00 a.m   3 hrs- (åŸåƒ¹ $148 /person) 2019æŠµç©å„ªæƒ  $118 /person !!!  4 hrs- (åŸåƒ¹ $168 /person) 2019æŠµç©å„ªæƒ  $138/person !!!      å°ç«¥æ”¶è²»: 0 - 2æ­²ä»¥ä¸‹æ—¢BBä¸€å¾‹ â€œå…è²»FREE!â€œ  3 - 10æ­²æ—¢å°æœ‹å‹åŠåƒ¹   11æ­²ä»¥ä¸Šå…¨åƒ¹<img draggable="false" class="emoji" alt="ğŸ˜‰" src="https://www.2book.co/assets/emoji/128x128/1f609.png">    â€» åŠ é˜ $33@1hr æ¯äºº  â€» å…¶ä»–æ™‚é–“è«‹èˆ‡æˆ‘å€‘è¯çµ¡  â€» ç„¡é™æš¢é£²æ±½æ°´åŠç´™åŒ…é£²å“ (éé…’ç²¾)    <img draggable="false" class="emoji" alt="â­•" src="https://www.2book.co/assets/emoji/128x128/2b55.png">ä»¥ä¸Šä¸€å€‹åƒ¹éŒ¢å·²äº«æœ‰<img draggable="false" class="emoji" alt="âœ”" src="https://www.2book.co/assets/emoji/128x128/2714.png">ç¨ç«‹æˆ¿é–“ã€<img draggable="false" class="emoji" alt="ğŸ¹" src="https://www.2book.co/assets/emoji/128x128/1f379.png">ç„¡é™æš¢é£²æ±½æ°´åŠç´™åŒ…é£²å“ (éé…’ç²¾)ã€å…è²»WiFi,ã€<img draggable="false" class="emoji" alt="ğŸ•¹" src="https://www.2book.co/assets/emoji/128x128/1f579.png">çœŸå¯¦å‚³çµ±è¡—æ©Ÿ ã€<img draggable="false" class="emoji" alt="ğŸ“º" src="https://www.2book.co/assets/emoji/128x128/1f4fa.png">é«˜æ¸…é›»è¦–, ã€<img draggable="false" class="emoji" alt="ğŸ¬" src="https://www.2book.co/assets/emoji/128x128/1f3ac.png">ç§äººå½±é™¢ã€<img draggable="false" class="emoji" alt="ğŸ”ˆ" src="https://www.2book.co/assets/emoji/128x128/1f508.png">éŸ³éŸ¿è¨­å‚™ã€<img draggable="false" class="emoji" alt="ğŸ™" src="https://www.2book.co/assets/emoji/128x128/1f399.png">å”±Kç¥å™¨ã€<img draggable="false" class="emoji" alt="ğŸ®" src="https://www.2book.co/assets/emoji/128x128/1f3ae.png">é›»è¦–éŠæˆ²æ©Ÿ(PS4 åŒ VRã€Wiiã€ XBOX ONE S é«”æ„Ÿã€switch )ã€<img draggable="false" class="emoji" alt="ğŸ€„" src="https://www.2book.co/assets/emoji/128x128/1f004.png">éº»é›€ã€<img draggable="false" class="emoji" alt="ğŸƒ" src="https://www.2book.co/assets/emoji/128x128/1f0cf.png">å„å¼ Card Gameã€(æ³¢æ³¢æ± ã€æ»‘æ¢¯ã€<img draggable="false" class="emoji" alt="ğŸ¤" src="https://www.2book.co/assets/emoji/128x128/1f3a4.png">å¡æ‹‰OKéŸ³éŸ¿@å€‹åˆ¥æˆ¿é–“).    **å¦æœ‰ä»£å«åˆ°æœƒæœå‹™<img draggable="false" class="emoji" alt="ğŸ±" src="https://www.2book.co/assets/emoji/128x128/1f371.png">ï¼Œæ­¡è¿æŸ¥è©¢<img draggable="false" class="emoji" alt="ğŸ˜‰" src="https://www.2book.co/assets/emoji/128x128/1f609.png">
https://www.2book.co/zh/venue/detail/AuraArtCausewayBay,Aura Art (Causeway Bay),undefined,åƒ¹éŒ¢è¡¨  1. ç§Ÿå ´ $680 æ¯å°æ™‚ï¼ˆé©ç”¨æ–¼è—è¡“ï¼Œæ•™å­¸ç”¨é€”ï¼‰  2. 3å°æ™‚ art party æœ€ä½æ¶ˆè²» $3360
https://www.2book.co/zh/venue/detail/PartyOne,Party One,undefined,2018å¹´2æœˆåƒ¹ç›®è¡¨:    æ˜ŸæœŸäº”å…­æ—¥ï¼Œæ¯ä½$150(4å°æ™‚)  å…¶ä»–æ—¥å­ï¼Œæ¯ä½$130(4å°æ™‚)  å…¶å¾Œæ¯å°æ™‚æ¯ä½$30(æ‰€æœ‰æ—¥å­)  
https://www.2book.co/zh/venue/detail/PlayYeahPartyland,Play Yeah Partyland,undefined,æ™‚æ®µ  é€±äº”æˆ–å‡æœŸå‰å¤•  1800 è‡³ 2400  é€±å…­é€±æ—¥ åŠå…¬çœ¾å‡æœŸ  1400 è‡³ 2400  ä»»ä½•4å°æ™‚åŒ…ä»»é£²  æˆäºº$158ä½  å°ç«¥3è‡³10æ­²åŠåƒ¹  ä¸è¶³3æ­²å…è²»    æ™‚æ®µ  é€±å…­ é€±æ—¥ 0900 è‡³ 1400   é€±ä¸€è‡³é€±å›› 1800 è‡³ 2400  ä»»ä½•4å°æ™‚åŒ…ä»»é£²    æˆäºº  $128ä½  å°ç«¥3è‡³10æ­²åŠåƒ¹  ä¸è¶³3æ­²å…è²»    æ™‚æ®µ  é€±ä¸€è‡³é€±äº” 0900 è‡³ 1800  ä»»ä½•4å°æ™‚åŒ…ä»»é£²    æˆäºº  $108ä½  å°ç«¥3è‡³10æ­²åŠåƒ¹  ä¸è¶³3æ­²å…è²»    è²“é ­é·¹ä¸ƒå°æ™‚å¥—é¤  æ˜ŸæœŸä¸€è‡³æ—¥ï¼Œå‡æœŸæˆ–å‡æœŸå‰å¤•  æ™š2359 è‡³ 0700  $158 ä¸€ä½ä»»ç©ä»»é£²7å°æ™‚    å…¶å¾Œæ¯å°æ™‚: æ¯ä½HK$30    1. ç”Ÿæ—¥å„ªæƒ   å¦‚åœ¨åŒ…å ´ç•¶æ—¥ï¼Œæœ‰åœ¨å ´æœ‹å‹ç‚ºè©²æœˆä»½ç”Ÿæ—¥ï¼Œå¯å…äººé ­è²»ï¼Œæ¯8ä½å¯å…ä¸€ä½  2. äººæ•¸å„ªæƒ   åŒ…å…¨å ´ç•¶æ—¥è¨ˆï¼Œçµç®—äººæ•¸ç‚º  30-39äººã€‚æ¯ä½æ¸›$10 åŠ æ™‚æ¸›$2  40-49äººã€‚æ¯ä½æ¸›$20 åŠ æ™‚æ¸›$4  50-60äººã€‚æ¯ä½æ¸›$30 åŠ æ™‚æ¸›$6  60äººå¾Œä¹‹äººæ•¸ä¸æ”¶è²»ç”¨    3. å…±äº«å„ªæƒ   å ´åœ°ä¸æ™‚æœƒåœ¨æŒ‡å®šæ™‚é–“æ®µé–‹æ”¾å ´åœ°ä½œå…±äº«ç©ºé–“ï¼Œä¸è¨­ä¸‹é™äººæ•¸ï¼Œè¨­æ–½å…ˆåˆ°å…ˆå¾—ã€‚è©³æƒ…ä»¥ FB å…¬ä½ˆç‚ºæº–ã€‚    4. æ—©é³¥å„ªæƒ   å¦‚èƒ½åœ¨ç”¨å ´æ—¥æœŸå‰ï¼Œä¸å°‘æ–¼30å¤©ä¸‹è¨‚é‡‘ï¼Œäººé ­è²»æ¯ä½å¯æ¸›$10      *ä»¥ä¸Šåƒ¹æ ¼ç‚ºå ´åœ°æä¾›çš„é ç®—åƒè€ƒï¼Œå¯¦éš›åƒ¹æ ¼éš¨æ´»å‹•è€Œå®š    ç¶“ 2book ç§Ÿå ´å„ªæƒ 
https://www.2book.co/zh/venue/detail/MusiKitchenOlympicCenter,MusiKitchen Olympic Center,undefined,350/hr, 3500 / day
https://www.2book.co/zh/venue/detail/8090premium,8090 premium,undefined,æ´¾å°ç§Ÿç”¨  [æ˜ŸæœŸä¸€è‡³å››]  11:00-18:00 æ¯ä½HKD$30å°æ™‚  18:00å¾Œ æ¯ä½HKD48/å°æ™‚  [æ˜ŸæœŸäº”è‡³æ—¥åŠå‡æœŸ(æˆ–ç‰¹å®šæ—¥å­)]  æ¯ä½HKD$58/å°æ™‚  [4å°æ™‚æ´¾å°] æ¯ä½$158  12æ­²ä»¥ä¸‹å°ç«¥åŠåƒ¹, 3æ­²æˆ–ä»¥ä¸‹å…è²»  åŒ…æ‹¬ç¨äº«å ´å…§æ‰€æœ‰è¨­æ–½ã€é£²å“ä»»é£²(å¤šæ¬¾æ±½æ°´åŠåŒ…è£é£²å“)ã€æä¾›æ¯åŠé¤å…·  å¯µç‰©æ´¾å°  æ¯ä½HKD198/ 4å°æ™‚  åŒ…æ‹¬ä¸€ä½æˆäººåŠå¯µç‰©ã€é£²å“ä»»é£²(å¤šæ¬¾æ±½æ°´åŠåŒ…è£é£²å“)ã€æä¾›æ¯åŠé¤å…·  å‚™è¨»  - å„å€‹æ´¾å°PackageåŠ æ™‚å¦å¤–æ”¶è²»  - æœ€ä½æ¶ˆè²»10ä½ï¼Œä¸åŒæ—¥å­åŠæ™‚æ®µæœƒæœ‰èª¿æ•´
https://www.2book.co/zh/venue/detail/%E7%9D%A1%E5%A4%A2%E4%B8%96%E7%95%8C%E5%9C%8D%E5%A8%81%E5%96%82PARTY,ç¡å¤¢ä¸–ç•Œ@ åœå¨å–‚PARTY,undefined,ç‡Ÿæ¥­æ™‚é–“åŠæ”¶è²» :     &lt;æ˜ŸæœŸä¸€åˆ°æ˜ŸæœŸå››&gt;  10:00 a.m ~ 6:00 p.m  4 hrs- (åŸåƒ¹ $118 /person) 2019æŠµç©å„ªæƒ  $88 /person !!!  6:00 p.m. ~ 0:00 a.m.   3 hrs- (åŸåƒ¹ $138 /person) 2019æŠµç©å„ªæƒ  $108 /person !!!  4 hrs- (åŸåƒ¹ $158 /person) 2019æŠµç©å„ªæƒ  $128/person !!!    &lt;æ˜ŸæœŸäº”è‡³æ˜ŸæœŸæ—¥&amp;å…¬çœ¾å‡æœŸåŠå‰å¤• &gt;   10:00 a.m ~ 00:00 a.m   3 hrs- (åŸåƒ¹ $148 /person) 2019æŠµç©å„ªæƒ  $118 /person !!!  4 hrs- (åŸåƒ¹ $168 /person) 2019æŠµç©å„ªæƒ  $138/person !!!      å°ç«¥æ”¶è²»: 0 - 2æ­²ä»¥ä¸‹æ—¢BBä¸€å¾‹ â€œå…è²»FREE!â€œ  3 - 10æ­²æ—¢å°æœ‹å‹åŠåƒ¹   11æ­²ä»¥ä¸Šå…¨åƒ¹<img draggable="false" class="emoji" alt="ğŸ˜‰" src="https://www.2book.co/assets/emoji/128x128/1f609.png">    â€» åŠ é˜ $33@1hr æ¯äºº  â€» å…¶ä»–æ™‚é–“è«‹èˆ‡æˆ‘å€‘è¯çµ¡  â€» ç„¡é™æš¢é£²æ±½æ°´åŠç´™åŒ…é£²å“ (éé…’ç²¾)    <img draggable="false" class="emoji" alt="â­•" src="https://www.2book.co/assets/emoji/128x128/2b55.png">ä»¥ä¸Šä¸€å€‹åƒ¹éŒ¢å·²äº«æœ‰<img draggable="false" class="emoji" alt="âœ”" src="https://www.2book.co/assets/emoji/128x128/2714.png">ç¨ç«‹æˆ¿é–“ã€<img draggable="false" class="emoji" alt="ğŸ¹" src="https://www.2book.co/assets/emoji/128x128/1f379.png">ç„¡é™æš¢é£²æ±½æ°´åŠç´™åŒ…é£²å“ (éé…’ç²¾)ã€å…è²»WiFi,ã€<img draggable="false" class="emoji" alt="ğŸ•¹" src="https://www.2book.co/assets/emoji/128x128/1f579.png">çœŸå¯¦å‚³çµ±è¡—æ©Ÿ ã€<img draggable="false" class="emoji" alt="ğŸ“º" src="https://www.2book.co/assets/emoji/128x128/1f4fa.png">é«˜æ¸…é›»è¦–, ã€<img draggable="false" class="emoji" alt="ğŸ¬" src="https://www.2book.co/assets/emoji/128x128/1f3ac.png">ç§äººå½±é™¢ã€<img draggable="false" class="emoji" alt="ğŸ”ˆ" src="https://www.2book.co/assets/emoji/128x128/1f508.png">éŸ³éŸ¿è¨­å‚™ã€<img draggable="false" class="emoji" alt="ğŸ™" src="https://www.2book.co/assets/emoji/128x128/1f399.png">å”±Kç¥å™¨ã€<img draggable="false" class="emoji" alt="ğŸ®" src="https://www.2book.co/assets/emoji/128x128/1f3ae.png">é›»è¦–éŠæˆ²æ©Ÿ(PS4 åŒ VRã€Wiiã€ XBOX ONE S é«”æ„Ÿã€switch )ã€<img draggable="false" class="emoji" alt="ğŸ€„" src="https://www.2book.co/assets/emoji/128x128/1f004.png">éº»é›€ã€<img draggable="false" class="emoji" alt="ğŸƒ" src="https://www.2book.co/assets/emoji/128x128/1f0cf.png">å„å¼ Card Gameã€(æ³¢æ³¢æ± ã€æ»‘æ¢¯ã€<img draggable="false" class="emoji" alt="ğŸ¤" src="https://www.2book.co/assets/emoji/128x128/1f3a4.png">å¡æ‹‰OKéŸ³éŸ¿@å€‹åˆ¥æˆ¿é–“).    **å¦æœ‰ä»£å«åˆ°æœƒæœå‹™<img draggable="false" class="emoji" alt="ğŸ±" src="https://www.2book.co/assets/emoji/128x128/1f371.png">ï¼Œæ­¡è¿æŸ¥è©¢<img draggable="false" class="emoji" alt="ğŸ˜‰" src="https://www.2book.co/assets/emoji/128x128/1f609.png">
https://www.2book.co/zh/venue/detail/%E5%BE%AE%E5%BE%AE%E5%B7%A5%E6%88%BFAuxanoHouse,å¾®å¾®å·¥æˆ¿ Auxano House,undefined,  
https://www.2book.co/zh/venue/detail/GoInside%E8%A7%80%E5%A1%98%E5%88%86%E5%BA%97,Go Inside - è§€å¡˜åˆ†åº—,undefined,10% Service Charge
https://www.2book.co/zh/venue/detail/%E5%86%B0%E9%9B%AA%E6%A8%82%E5%9C%92%E5%9C%8D%E5%A8%81%E5%96%82PARTY,å†°é›ªæ¨‚åœ’@ åœå¨å–‚PARTY,undefined,ç‡Ÿæ¥­æ™‚é–“åŠæ”¶è²» :     &lt;æ˜ŸæœŸä¸€åˆ°æ˜ŸæœŸå››&gt;  10:00 a.m ~ 6:00 p.m  4 hrs- (åŸåƒ¹ $118 /person) 2019æŠµç©å„ªæƒ  $88 /person !!!  6:00 p.m. ~ 0:00 a.m.   3 hrs- (åŸåƒ¹ $138 /person) 2019æŠµç©å„ªæƒ  $108 /person !!!  4 hrs- (åŸåƒ¹ $158 /person) 2019æŠµç©å„ªæƒ  $128/person !!!    &lt;æ˜ŸæœŸäº”è‡³æ˜ŸæœŸæ—¥&amp;å…¬çœ¾å‡æœŸåŠå‰å¤• &gt;   10:00 a.m ~ 00:00 a.m   3 hrs- (åŸåƒ¹ $148 /person) 2019æŠµç©å„ªæƒ  $118 /person !!!  4 hrs- (åŸåƒ¹ $168 /person) 2019æŠµç©å„ªæƒ  $138/person !!!      å°ç«¥æ”¶è²»: 0 - 2æ­²ä»¥ä¸‹æ—¢BBä¸€å¾‹ â€œå…è²»FREE!â€œ  3 - 10æ­²æ—¢å°æœ‹å‹åŠåƒ¹   11æ­²ä»¥ä¸Šå…¨åƒ¹<img draggable="false" class="emoji" alt="ğŸ˜‰" src="https://www.2book.co/assets/emoji/128x128/1f609.png">    â€» åŠ é˜ $33@1hr æ¯äºº  â€» å…¶ä»–æ™‚é–“è«‹èˆ‡æˆ‘å€‘è¯çµ¡  â€» ç„¡é™æš¢é£²æ±½æ°´åŠç´™åŒ…é£²å“ (éé…’ç²¾)    <img draggable="false" class="emoji" alt="â­•" src="https://www.2book.co/assets/emoji/128x128/2b55.png">ä»¥ä¸Šä¸€å€‹åƒ¹éŒ¢å·²äº«æœ‰<img draggable="false" class="emoji" alt="âœ”" src="https://www.2book.co/assets/emoji/128x128/2714.png">ç¨ç«‹æˆ¿é–“ã€<img draggable="false" class="emoji" alt="ğŸ¹" src="https://www.2book.co/assets/emoji/128x128/1f379.png">ç„¡é™æš¢é£²æ±½æ°´åŠç´™åŒ…é£²å“ (éé…’ç²¾)ã€å…è²»WiFi,ã€<img draggable="false" class="emoji" alt="ğŸ•¹" src="https://www.2book.co/assets/emoji/128x128/1f579.png">çœŸå¯¦å‚³çµ±è¡—æ©Ÿ ã€<img draggable="false" class="emoji" alt="ğŸ“º" src="https://www.2book.co/assets/emoji/128x128/1f4fa.png">é«˜æ¸…é›»è¦–, ã€<img draggable="false" class="emoji" alt="ğŸ¬" src="https://www.2book.co/assets/emoji/128x128/1f3ac.png">ç§äººå½±é™¢ã€<img draggable="false" class="emoji" alt="ğŸ”ˆ" src="https://www.2book.co/assets/emoji/128x128/1f508.png">éŸ³éŸ¿è¨­å‚™ã€<img draggable="false" class="emoji" alt="ğŸ™" src="https://www.2book.co/assets/emoji/128x128/1f399.png">å”±Kç¥å™¨ã€<img draggable="false" class="emoji" alt="ğŸ®" src="https://www.2book.co/assets/emoji/128x128/1f3ae.png">é›»è¦–éŠæˆ²æ©Ÿ(PS4 åŒ VRã€Wiiã€ XBOX ONE S é«”æ„Ÿã€switch )ã€<img draggable="false" class="emoji" alt="ğŸ€„" src="https://www.2book.co/assets/emoji/128x128/1f004.png">éº»é›€ã€<img draggable="false" class="emoji" alt="ğŸƒ" src="https://www.2book.co/assets/emoji/128x128/1f0cf.png">å„å¼ Card Gameã€(æ³¢æ³¢æ± ã€æ»‘æ¢¯ã€<img draggable="false" class="emoji" alt="ğŸ¤" src="https://www.2book.co/assets/emoji/128x128/1f3a4.png">å¡æ‹‰OKéŸ³éŸ¿@å€‹åˆ¥æˆ¿é–“).    **å¦æœ‰ä»£å«åˆ°æœƒæœå‹™<img draggable="false" class="emoji" alt="ğŸ±" src="https://www.2book.co/assets/emoji/128x128/1f371.png">ï¼Œæ­¡è¿æŸ¥è©¢<img draggable="false" class="emoji" alt="ğŸ˜‰" src="https://www.2book.co/assets/emoji/128x128/1f609.png">
https://www.2book.co/zh/venue/detail/Resalaser%E5%A4%9C%E5%85%89%E8%BF%B7%E5%AE%AE%E9%90%B3%E5%B0%84%E6%A7%8D%E5%B0%8D%E6%88%B0Partyroom,Resalaser å¤œå…‰è¿·å®®é³å°„æ§å°æˆ° Partyroom,undefined,Mon - Thurs  1 hour / head $148, 2 hour/head $238, 3 hour/head $308,4 hour/head $368  Fri - Sun  1 hour /head $178, 2 hour/head $258, 3 hour/head $338, 4 hour/head $398
https://www.2book.co/zh/venue/detail/TheAuraConcept-3,The Aura Concept,undefined,åƒ¹éŒ¢è¡¨  1. ç§Ÿå ´ $980 æ¯å°æ™‚  2. Art Party æœ€ä½æ¶ˆè²»ï¼š$3360 ï¼ˆé©ç”¨æ–¼è—è¡“å±•è¦½ï¼Œæ•™å­¸ç”¨é€”ï¼‰
https://www.2book.co/zh/venue/detail/EatonClub,Eaton Club,undefined,The Library or The Parlour  $10,000 per hour (fits 100 pax each seated in theatre style setting)    The Salon  $20,000 per hour (fits 200 pax seated in theatre style setting)    A minimum of $10,000 refundable safety desposit is required. Deposit will be refunded back to client within 14 working days after the event day    We provide 30 mins. Complimentary set up time and 30 mins. Complimentary dismantling time   
https://www.2book.co/zh/venue/detail/GeckoJazzBar,Gecko-Jazz-Bar,undefined,Happy Hour: 6pm to 9pm  * No Service charge.
https://www.2book.co/zh/venue/detail/inspartystudioscafe,ins party studios cafe,undefined,æ˜ŸæœŸä¸€è‡³å››  10:00-18:00 æ¯ä½HK$30/å°æ™‚  18:00-06:00 æ¯ä½HK$35/å°æ™‚  æ˜ŸæœŸäº”è‡³æ—¥, å‡æœŸåŠå‡æœŸå‰å¤• (æ´¾å°å¥—é¤)  4å°æ™‚æ´¾å°: æ¯ä½HK$158  6å°æ™‚æ´¾å°: æ¯ä½HK$188  è²“é ­é·¹æ™‚æ®µ(00:00-06:00): æ¯ä½HK$178  å‚™è¨»  - 12æ­²ä»¥ä¸‹åŠåƒ¹ï¼Œ3æ­²æˆ–ä»¥ä¸‹å…è²»  - åŠ æ™‚: æ¯ä½HK$30/å°æ™‚  é¡å¤–å„ªæƒ   - 15å¤©å‰é è¨‚å ´åœ°ä¸¦è½è¨‚é‡‘ï¼Œå¯äº«æ—©é³¥å„ªæƒ   - æä¾›ç”Ÿæ—¥å„ªæƒ ï¼Œè«‹æäº¤æŸ¥è©¢  æ‰€æœ‰å„ªæƒ ä¸èƒ½åŒæ™‚ä½¿ç”¨
https://www.2book.co/zh/venue/detail/Lasermads%E5%85%A8%E5%A0%B4,Lasermads - å…¨å ´,undefined,éæœƒå“¡ STANDARD     HKD $118 / ä¸€å±€éŠæˆ² Game  æ¯äºº Per individual  æœƒå“¡ MEMBER     HKD $98 / ä¸€å±€éŠæˆ² One Game  HKD $158 / å…©å±€éŠæˆ² Two Games  æ¯äºº Per individual     æ¯å ´ä¸Šé™ Max: 12 äºº People     å¦‚æœªé”æ¯å±€éŠæˆ²äººæ•¸ä¸Šé™, å°‡æœ‰æ©Ÿæœƒèˆ‡å…¶ä»–ç©å®¶ä¸€èµ·å°æˆ°ã€‚  If maximum number of players per game has not been reached, other walk-in players are invited to join the game.  åŒ…å ´æ´»å‹•  RESERVE ENTIRE     æ˜ŸæœŸä¸€è‡³å›› Mon - Thu  HKD $3,188 / 1 å°æ™‚ Hour     æ˜ŸæœŸäº”è‡³æ—¥ã€å…¬çœ¾å‡æœŸåŠå‰å¤•  Fri - Sun, Public Holidays &amp;amp; Eve  HKD $4,388 / 1 å°æ™‚ Hour      å»ºè­°åŒ…å ´éŠæˆ²äººæ•¸ï¼š  1 å°æ™‚ Hour â€” 8 to 16 äºº People  2 å°æ™‚ Hours â€” 16 to 30 äºº People     æˆ‘å€‘å·²ç‚ºåŒ…å ´äººä»•åº¦èº«è¨‚åšæ´»å‹•å…§å®¹ï¼Œå¦‚æœ‰èˆˆè¶£äº†è§£è«‹è¯çµ¡æˆ‘å€‘ã€‚We have tailored exclusive game modes and patterns for groups. Welcome to contact us for more information.    å­¸ç”Ÿå„ªæƒ  STUDENT DISCOUNT     HKD $60 / ä¸€å±€éŠæˆ² One Game  HKD $100 / å…©å±€éŠæˆ² Two Games  æ¯äºº Per individual     å‡¡ç©¿æ ¡æœæˆ–å‡ºç¤ºå­¸ç”Ÿè­‰å³å¯ç²å­¸ç”Ÿå„ªæƒ ã€‚  Discount applies to students with school uniform or student ID card.     æ­¤è´ŠåŠ©å„ªæƒ åªé©ç”¨æ–¼ä¹æœˆä¸€æ—¥è‡³äº”æœˆä¸‰åä¸€æ—¥,æ˜ŸæœŸä¸€è‡³äº”ä¸­åˆåäºŒæ™‚è‡³ä¸‹åˆä¸ƒæ™‚ (å…¬çœ¾å‡æœŸé™¤å¤–)ã€‚  This offer is only applicable from Monday to Friday 12PM to 7PM from 1st September - 31st May. (Except Public Holidays)
https://www.2book.co/zh/venue/detail/AllDayPartyRoom,All Day Party Room,undefined,è©³æƒ…è«‹å‘å ´åœ°è·å“¡æŸ¥è©¢ã€‚
https://www.2book.co/zh/venue/detail/VARLIVEHKVRPARTY,VAR LIVE HK - VR PARTY,undefined,æ¯äººæ”¶è²»  æ¸¯å¹£$280  *60åˆ†é˜ (åŒ…3æ¬¾VRéŠæˆ²é«”é©—)    åŒ…åŸ¸æ´»å‹•&nbsp;  æ˜ŸæœŸä¸€è‡³äº”ï¼šæ¸¯å¹£$4200/ä¸€å°æ™‚  æ˜ŸæœŸå…­,æ—¥,å…¬çœ¾å‡æœŸï¼šæ¸¯å¹£$5000/ä¸€å°æ™‚  *åŒ…æ‹¬60å€‹éŠæˆ²é«”é©— &nbsp;&amp; ç„¡é…’ç²¾é£²å“30åŒ…
https://www.2book.co/zh/venue/detail/GoInside%E7%B4%85%E7%A3%A1%E5%88%86%E5%BA%97,Go Inside - ç´…ç£¡åˆ†åº—,undefined,åƒ¹éŒ¢è¡¨ï¼š  æœ€å°‘20ä½ä»¥ä¸Š  åˆå¸‚æ™‚æ®µï¼š$138/ä½èµ·ï¼›  ä¸‹åˆèŒ¶æ™‚æ®µï¼š$98/ä½èµ·ï¼›  æ™šå¸‚æ™‚æ®µï¼š$198/ä½èµ·  åŒæ™‚äº¦å¯ç‚ºå®¢äººæŒ‰å…¶é ç®—è€Œè¨­è¨ˆé¤ç‰Œ  åŒ…å ´éœ€å¦åŠ ä¸€æœå‹™è²»      æœ€å°‘ä¸‰æ—¥å‰è½è¨‚ç¢ºå¯¦    Go Inside Kitchen é™¤äº†æä¾›å„ªè³ªç§æˆ¿è¥¿é¤, é‚„æä¾›åŒ…å ´æ´¾å°æœå‹™ã€‚  Go Inside (è§€å¡˜) è¨­æœ‰ä¸€èˆ¬Cafeå°‘æœ‰çš„éœ²å°, å¯ä»¥è®“é¡§å®¢é€²è¡Œ BBQ ç­‰å®¤å¤–æ´»å‹•ã€‚  **10% Service Charge
https://www.2book.co/zh/venue/detail/KimochiParty,Kimochi Party,undefined,æ˜ŸæœŸä¸€è‡³å››   æ¯ä½$88/ä¸‰å°æ™‚â€”åŠ é˜æ¯ä½$28/å°æ™‚  ï¼  æ˜ŸæœŸäº”ã€å…­ã€æ—¥åŠå…¬çœ¾å‡æœŸï¼š  æ¯ä½$128/ä¸‰å°æ™‚ â€”åŠ é˜æ¯ä½$42/å°æ™‚  ï¼  å„ªæƒ ä¸­ï¼ï¼ˆåŒ…å ´ä»»ç©ä¸é™äººæ•¸ï¼‰  å¹³æ—¥ $400 (æ¯å°æ™‚)  è²“é ­é·¹ï¼‹æ™šå ´7pm-7am (12å°æ™‚) $2600  å¹³æ—¥è²“é ­é·¹ 11pm-7am (8å°æ™‚)   $1800  å‡æœŸè²“é ­é·¹ 11pm-7am (8å°æ™‚)   $2400
https://www.2book.co/zh/venue/detail/%E6%AD%90%E7%BE%8E%E7%B3%BBPartyroom%E4%B9%9D%E9%BE%8D%E7%81%A3%E5%94%AF%E4%B8%80%E8%B6%85%E9%9D%9A%E6%99%AF%E9%9C%B2%E5%8F%B0%E4%B9%9D%E9%BE%8D%E7%81%A3Megabox%E6%97%81,æ­ç¾ç³»Party room(ä¹é¾ç£å”¯ä¸€è¶…éšæ™¯éœ²å°; ä¹é¾ç£Megaboxæ—),undefined,åŒ…å ´è²»ç”¨â€‹(1,100å°º)â€‹ :  -$30/äºº/å°æ™‚ (æœ€ä½æ¶ˆè²»$300/å°æ™‚)ï¼Œè‡¨æ™‚åŠ äººç‚º$40/äºº/å°æ™‚  -ç‰¹åˆ¥æ—¥å­æœ€ä½æ¶ˆè²»ï¼Œæ¯å°æ™‚$500ï¼Œå³ä¿‚10å€‹äºº 16å€‹äººåŒåƒ¹  -ç§Ÿå ´é‡‘é¡è¶…é$3,000å¯äº«æœ‰å„ªæƒ   -æä¾›â€‹è‡ªåŠ©â€‹é£²å“ï¼šç´™åŒ…$6ã€ç½è£$8ã€æè£$12  -æ­¡è¿åˆ°æœƒã€è‡ªæ”œé£²å“åŠé…’æ°´ï¼Œæ²’é¡å¤–æ”¶è²»  -é›¶æ™¨æ™‚æ®µéœ€å¦æ”¶ï¼„50  æ›´å¤šå ´åœ°ç›¸ç‰‡ï¼šhttps://www.facebook.com/studioprohongkong/     **æ”¶è²»ä¾‹å­  8äººç§Ÿ3å°æ™‚: $900(æ¯å°æ™‚min$300x3)  12äººç§Ÿ3å°æ™‚: $1,080($30x12äººx3å°æ™‚)
https://www.2book.co/zh/venue/detail/PartyAroundTheWorld,Party Around The World,undefined,äººé ­æ”¶è²»ï¼š  $108 / 4 hours
https://www.2book.co/zh/venue/detail/LazybossPartyroom%E8%91%B5%E8%8A%B3,Lazyboss-Party room.è‘µèŠ³,undefined,ã€Œå¹³â½‡â¼€è‡³å››ã€æ¯ä½åƒ¹éŒ¢  æ—©ï¼š å„ªæƒ æ™‚æ®µ  $78/4hrs åŠ é˜($30/1h r)  åˆï¼š  $118/3hrs $138/4hrs åŠ é˜($30/1h r)  æ™šï¼š  $128/3hrs $148/4hrs åŠ é˜($30/1h r)  é€šå®µ:0000-0800  $138/3â¼©æ™‚ $188/8hr åŠ é˜($30/1hr)  ã€Œäº”ã€å…­ã€â½‡åŠç´…â½‡å…¬çœ¾å‡æœŸå‰â¼£ã€ æ¯ä½  åƒ¹éŒ¢  å…¨â½‡ï¼š  $128/3hrs $148/4hrs åŠ é˜($30/1h r)  é€šå®µ:  $148/3â¼©æ™‚ $188/7hr åŠ é˜($30/1h r)  !  â¼ˆé ­è¨ˆç®— åŒ…ä»»é£² ä»»ç© â¼€â¼œåƒ¹ ä¸è¨­åŠ â¼€  !  æ·±å¤œæœ€ä½10ä½åŒ…å ´ï¼Œå¯ä»¥é å…ˆåŠ é˜
https://www.2book.co/zh/venue/detail/PurrStudio,Purr Studio,undefined,Special Offer:    $2500 for 8 hrs (photo shooting)    $3500 for 8 hrs (video shooting)    Rate:    Photo shooting: $350/hr (min 3 hrs)    Video Shooting: $450/hr (min 3hrs)
https://www.2book.co/zh/venue/detail/HogoStudio%E9%8E%AE%E6%B5%B7ChunHoi,Hogo Studio- é®æµ· Chun Hoi,undefined,æ˜ŸæœŸä¸€è‡³äº” 8:00-18:00ï¼š$160/hr èµ·   æ˜ŸæœŸä¸€è‡³äº” 18:00-00:00ï¼š$240/hr èµ·  æ˜ŸæœŸå…­æ—¥åŠå…¬çœ¾å‡æœŸ8:00-12:00ï¼š$200/hrèµ·   æ˜ŸæœŸå…­æ—¥åŠå…¬çœ¾å‡æœŸ12:00-18:00ï¼š$240/hrèµ·   æ˜ŸæœŸå…­æ—¥åŠå…¬çœ¾å‡æœŸ18:00-00:00ï¼š$200/hrèµ·
https://www.2book.co/zh/venue/detail/JourneyParty,Journey Party,undefined,è©³æƒ…è«‹å‘å ´åœ°è·å“¡æŸ¥è©¢ã€‚
https://www.2book.co/zh/venue/detail/VermCity,Verm City,undefined,Weekdays: $2700 (15ppl) per Hour  Weekends: $3750 (15ppl) per Hour  
https://www.2book.co/zh/venue/detail/%E6%AD%90%E9%99%B8%E8%8F%9C%E5%87%A1%E9%AB%98%E5%BB%9A%E6%88%BFVanGoghKitchen,æ­é™¸èœ å‡¡é«˜å»šæˆ¿ Van Gogh Kitchen,undefined,å ´åœ°ç§Ÿç”¨æ™‚é–“:   4å°æ™‚æ”¶è²»  Monday - Thursday:        	  	Minimum Charge : HK$ 9,000  Friday - Sunday, Public Holiday and Holiday Eve: 	Minimum Charge : HK$13,000  
https://www.2book.co/zh/venue/detail/%E8%A6%AA%E5%AD%90Cafe%E8%96%AF%E4%BB%94%E5%B1%8BSmallPotato,è¦ªå­Cafe è–¯ä»”å±‹Small Potato ,undefined,åƒ¹éŒ¢åŠé¤å–®ï¼š  æ˜ŸæœŸä¸€è‡³å››ï¼šåŒ…å ´ç´„12äººæˆ–ä»¥ä¸Š  (12:00pm - 6:00pm) æ¯ä½æœ€ä½ $148/3hrs.   (6:00pm - 11:00pm) æ¯ä½æœ€ä½ $198/3hrs.    - æ˜ŸæœŸæ—¥åŠå…¬çœ¾å‡æœŸ ï¼šåŒ…å ´ç´„15äººæˆ–ä»¥ä¸Š  (12:00pm - 6:00pm) æ¯ä½æœ€ä½ $178/3hrs.   (6:00pm - 11:00pm) æ¯ä½æœ€ä½ $228/3hrs.    *ä»¥ä¸Šåƒ¹éŒ¢å·²åŒ…æ‹¬å ´å…§æ‰€æœ‰é£Ÿç‰©åŠé£²æ–™  *10æ­²ä»¥ä¸‹å°ç«¥åŠåƒ¹ï¼Œ2æ­²ä»¥ä¸‹å…è²»ã€‚  *åŠ é˜ä¸€å¾‹æ¯åŠå°æ™‚$300 - $400ã€‚
https://www.2book.co/zh/venue/detail/%E8%8A%B1%E5%A5%BD%E9%9F%B3%E6%A8%82%E5%BB%B3FlowerMusic10,èŠ±å¥½éŸ³æ¨‚å»³ Flower Music 10,undefined,Rehearsal  $180/hr or up   Teaching (3 ppl max) $180/hr or up  Event $400/hr or up 
https://www.2book.co/zh/venue/detail/COOPStudio,COOP Studio,undefined,è©³æƒ…è«‹å‘å ´åœ°è·å“¡æŸ¥è©¢ã€‚
https://www.2book.co/zh/venue/detail/%E4%B8%AD%E4%B8%96%E7%B4%80%E6%AD%A6%E5%99%A8%E5%92%96%E5%95%A1%E5%B1%8BMedievalWeaponCafe,ä¸­ä¸–ç´€æ­¦å™¨å’–å•¡å±‹ Medieval Weapon Cafe,undefined,è©³æƒ…è«‹å‘å ´åœ°è·å“¡æŸ¥è©¢ã€‚
https://www.2book.co/zh/venue/detail/%E6%A8%82%E9%9F%9C%E5%BD%B1%E9%9F%B3%E8%A3%BD%E4%BD%9C,æ¨‚éŸœå½±éŸ³è£½ä½œ,undefined,è©³æƒ…è«‹å‘å ´åœ°è·å“¡æŸ¥è©¢ã€‚
https://www.2book.co/zh/venue/detail/VRARENACWB,VR ARENA CWB,undefined,æ˜ŸæœŸä¸€è‡³æ—¥åŠå…¬çœ¾å‡æœŸ  æ¯äººæ¯å°æ™‚$50  åŒ…å ´æ”¶è²»: æ¯å°æ™‚$1000  
https://www.2book.co/zh/venue/detail/S3Workshop,S3 Workshop,undefined,è©³æƒ…è«‹å‘å ´åœ°è·å“¡æŸ¥è©¢ã€‚
https://www.2book.co/zh/venue/detail/PARTYKING,PARTY KING,undefined,æ˜ŸæœŸä¸€è‡³å››   4äººèµ· (å¯åŒ…å ´)  (ä¸è¶³4äººå¯ä»˜4äººè²»ç”¨åŒ…å ´)    æ˜ŸæœŸäº”å…­æ—¥åŠå…¬çœ¾å‡æœŸåŠå‰å¤•   8äººèµ· (å¯åŒ…å ´)  (ä¸è¶³8äººå¯ä»˜8äººè²»ç”¨åŒ…å ´)    é€šå®µå ´   8äººèµ· (å¯åŒ…å ´)  (ä¸è¶³8äººå¯ä»˜8äººè²»ç”¨åŒ…å ´)  â€¦â€¦â€¦â€¦â€¦â€¦â€¦â€¦â€¦â€¦â€¦â€¦â€¦â€¦â€¦â€¦â€¦  æ—¥å ´ 1~6pm æˆ– 2~7pm   $100/ä½   åŒ…5å°æ™‚partyæˆ¿åŠå…©æ¯é£²å“  å¤œå ´ 7pm~12am  $150/ä½   åŒ…5å°æ™‚partyæˆ¿åŠå…©æ¯é£²å“    <img draggable="false" class="emoji" alt="ğŸŒ™" src="https://www.2book.co/assets/emoji/128x128/1f319.png"><img draggable="false" class="emoji" alt="ğŸŒ™" src="https://www.2book.co/assets/emoji/128x128/1f319.png"><img draggable="false" class="emoji" alt="ğŸŒ™" src="https://www.2book.co/assets/emoji/128x128/1f319.png"><img draggable="false" class="emoji" alt="ğŸŒ™" src="https://www.2book.co/assets/emoji/128x128/1f319.png"><img draggable="false" class="emoji" alt="ğŸŒ™" src="https://www.2book.co/assets/emoji/128x128/1f319.png"><img draggable="false" class="emoji" alt="ğŸŒ™" src="https://www.2book.co/assets/emoji/128x128/1f319.png"><img draggable="false" class="emoji" alt="ğŸŒ™" src="https://www.2book.co/assets/emoji/128x128/1f319.png"><img draggable="false" class="emoji" alt="ğŸŒ™" src="https://www.2book.co/assets/emoji/128x128/1f319.png">  é€šå®µå ´ 12am~6am  $180/ä½  åŒ…6å°æ™‚partyæˆ¿åŠå…©æ¯é£²å“  â€¦â€¦â€¦â€¦â€¦â€¦â€¦â€¦â€¦â€¦â€¦â€¦â€¦â€¦â€¦  å°ç«¥æ”¶è²» :  3æ­²ä»¥ä¸‹å…è²»  3~8æ­²åŠåƒ¹   8æ­²ä»¥ä¸Šæˆ–èº«é«˜1.5ç±³ä»¥ä¸Šæ­£åƒ¹  â€¦â€¦â€¦â€¦â€¦â€¦â€¦â€¦â€¦â€¦â€¦â€¦â€¦â€¦â€¦â€¦  å®¹ç´äººæ•¸ :  PARTYæˆ¿å¯ä»¥å®¹ç´æœ€å¤š20äººï¼Œè¨‚æˆ¿ä»¥å…ˆåˆ°å…ˆå¾—å½¢å¼ ( ä»¥æ”¶å¯¦è¨‚é‡‘ç‚ºæº– )  .........................................  åŠ é˜ :  é ç´„åŠ é˜(æŒ‰æ¯”ä¾‹æ¯å°æ™‚è¨ˆç®—)  å³å ´åŠ é˜æŒ‰æ¯”ä¾‹è¨ˆç®—  ( æ¯å°æ™‚é™„åŠ $10 )   ( ä½†é ˆè¦–ä¹ç•¶æ—¥è¨‚æˆ¿æƒ…æ³ï¼Œæ±ºå®šå¯å¦åŠ é˜ )  â€¦â€¦â€¦â€¦â€¦â€¦â€¦â€¦â€¦â€¦â€¦â€¦â€¦â€¦  ä»˜æ¬¾ :  Bookingç¢ºå®šå¾Œï¼Œé ˆç«‹å³ä»˜1/3è¨‚é‡‘ï¼Œ å¦‚æœªèƒ½å³æ™‚ä»˜è¨‚é‡‘ï¼Œæˆ¿é–“å‰‡ä½œç‚ºæš«æ™‚ä¿ç•™ï¼Œ æœ€çµ‚bookingä»¥æ”¶å¯¦è¨‚é‡‘ä½œæº–ï¼ å°¾æ•¸partyç•¶æ—¥ç¾é‡‘ä»˜æ¸…ã€‚  
https://www.2book.co/zh/venue/detail/GlamorousTearoom,Glamorous Tearoom,undefined,  æ˜ŸæœŸä¸€è‡³å››æ”¶è²» $58/æ¯äººæ¯å°æ™‚  æ˜ŸæœŸäº”å…­æ—¥æ”¶è²» $68/æ¯äººæ¯å°æ™‚  åŒ…æ‰€æœ‰æ‹æ”é“å…·ï¼ŒèŠ±çƒä»¿çœŸè›‹ç³•bridal showerå°é“å…·ç­‰å€Ÿç”¨  æ­¡è¿è‡ªæ”œé£Ÿç‰©, ä¹Ÿå¯ä»£å®‰æ’åˆ°æœƒ
https://www.2book.co/zh/venue/detail/LOST,LOST,undefined,è©³æƒ…è«‹å‘å ´åœ°è·å“¡æŸ¥è©¢ã€‚
https://www.2book.co/zh/venue/detail/SohoYardGalleryandEventsSpace,Soho Yard Gallery and Events Space,undefined,Price Per Hour  HK$2,600    Half Day  HK$12,000    Full Day  HK$17,000    2 Days or more  Upon Request  
https://www.2book.co/zh/venue/detail/LaGalerieParis1839,La Galerie, Paris 1839,undefined,Weekday  during open hours 11am - 7pm  Full Day        8 hours       9,000 hkd  Half Day       4 hours       5,500 hkd  Extra Hour                        1,500 hkd    Weekend/Public Holiday  during open hours 11am - 7pm  Full Day        8 hours       13,000 hkd  Half Day       4 hours          7,500 hkd  Extra Hour                          1,800 hkd
https://www.2book.co/zh/venue/detail/8090sPartyRoom%E6%B3%A2%E6%B3%A2%E6%B1%A0%E5%8C%85%E5%A0%B4,8090s Party Room - æ³¢æ³¢æ± åŒ…å ´,undefined,è©³æƒ…è«‹å‘å ´åœ°è·å“¡æŸ¥è©¢ã€‚
https://www.2book.co/zh/venue/detail/PandaAtHome%E7%86%8A%E8%B2%93%E7%8E%A9%E9%A4%A8%E4%B9%8B%E3%80%90%E7%86%8A%E8%B2%93%E9%81%8A%E6%A8%82%E5%A0%B4%E3%80%91,Panda At Home ç†Šè²“ç©é¤¨ä¹‹ã€ç†Šè²“éŠæ¨‚å ´ã€‘,undefined,www.pandathome.com/package/index_chi.php
https://www.2book.co/zh/venue/detail/PresentCafeandBar,Present Cafe and Bar,undefined,è©³æƒ…è«‹å‘å ´åœ°è·å“¡æŸ¥è©¢ã€‚
https://www.2book.co/zh/venue/detail/OpenParties,Open Parties,undefined,æ˜ŸæœŸä¸€è‡³å››130ä¸€ä½å››å°æ™‚  æ˜ŸæœŸäº”å…­æ—¥150ä¸€ä½4å°æ™‚  ç‰¹åˆ¥æ—¥å­160ä¸€ä½å››å°æ™‚  
https://www.2book.co/zh/venue/detail/ReplayPartyRoomBBQ%E5%86%8D%E4%BE%86%E6%B4%BE%E5%B0%8D%E5%8F%8A%E7%87%92%E7%83%A4,Replay Party Room &amp; BBQ (å†ä¾†æ´¾å°åŠç‡’çƒ¤),undefined,æ˜ŸæœŸä¸€è‡³å››ï¼š  18:00å‰ï¼šæ¯ä½$100/ 3å°æ™‚  18:00å¾Œï¼šæ¯ä½$120/ 3å°æ™‚  00:00å¾Œï¼šæ¯ä½$140/ 3å°æ™‚  æœ€ä½æ¶ˆè²» 10ä½    æ˜ŸæœŸäº”è‡³æ—¥åŠå…¬çœ¾å‡æœŸï¼š  18:00å‰ï¼šæ¯ä½$120/ 3å°æ™‚  18:00å¾Œï¼šæ¯ä½$140/ 3å°æ™‚  00:00å¾Œï¼šæ¯ä½$160/ 3å°æ™‚  æœ€ä½æ¶ˆè²» 12ä½    * 3 - 11æ­²å°ç«¥åŠåƒ¹  * åŒ…ç„¡é…’ç²¾é£²æ–™ 2 ä»½  * é£²å“ä»»é£²éœ€æ¯ä½+$10    åŠ æ™‚ï¼š  18:00å‰ï¼šæ¯ä½$25 /å°æ™‚  18:00å¾Œï¼šæ¯ä½$35 /å°æ™‚  00:00å¾Œï¼šæ¯ä½$45 /å°æ™‚    ç‡’çƒ¤å¥—é¤ï¼š  æ¯ä½ + $140  åŒ…æ‹¬ï¼š  1. ç‡’çƒ¤é£Ÿç‰©  2. é£²å“ä»»é£²  3. æ‰€æœ‰ç‡’çƒ¤ç”¨å…·  4. ç‡’çƒ¤çˆ  5. é¡å¤–å…è²»ä¸€å°æ™‚åŒ…å ´    è‡ªå‚™é£Ÿç‰©åŠç§Ÿç‡’çƒ¤çˆ :  æ¯ä½ + $30 (åŒ…é–‹çˆè²»)  å…è²»æä¾›ç‚­ã€èœœç³–ã€å‰åŠå…¶å®ƒç”¨å…·é¤å…·    å…¶ä»–å„ªæƒ ï¼š  ææ—© 14 å¤©é è¨‚äº«ä»»é£²ä»»é£²å„ªæƒ   30 ä½ä»¥ä¸Šäº« 9 æŠ˜å„ªæƒ   45 ä½ä»¥ä¸Šäº« 85 æŠ˜å„ªæƒ     å¦‚æ¬²æŸ¥è©¢æ›´å¤šè©³æƒ…åŠå„ªæƒ ï¼Œè«‹è¯çµ¡ : 6254-5554
https://www.2book.co/zh/venue/detail/HelloBabyShop,Hello Baby Shop,undefined,è©³æƒ…è«‹å‘å ´åœ°è·å“¡æŸ¥è©¢ã€‚
https://www.2book.co/zh/venue/detail/OhFoodArabicHalalCuisine,Oh Food Arabic Halal Cuisine,undefined,è©³æƒ…è«‹å‘å ´åœ°è·å“¡æŸ¥è©¢ã€‚
https://www.2book.co/zh/venue/detail/Adelaidepartyroom,Adelaide partyroom,undefined,09:00 - 24:00  æ˜ŸæœŸä¸€è‡³å››ï¼š æ¯ä½æ¸¯å¹£$138/4å°æ™‚  æ˜ŸæœŸäº”è‡³æ—¥åŠå‡æœŸã€å‡æœŸå‰å¤•ï¼š æ¯ä½æ¸¯å¹£$138/3å°æ™‚    00:00 - 09:00  æ˜ŸæœŸä¸€è‡³å››ï¼š æ¯ä½æ¸¯å¹£$168/4å°æ™‚  æ˜ŸæœŸäº”è‡³æ—¥åŠå‡æœŸã€å‡æœŸå‰å¤•ï¼š æ¯ä½æ¸¯å¹£$198/3å°æ™‚    åŠ æ™‚ï¼šæ¯ä½æ¸¯å¹£$25/ä½/å°æ™‚  
https://www.2book.co/zh/venue/detail/HKBrewcraft,HK Brewcraft,undefined,æœ€ä½æ¶ˆè²» HK$6,000
https://www.2book.co/zh/venue/detail/%E8%8B%B1%E5%80%AB%E8%8A%B1%E5%9C%92%E5%9C%8D%E5%A8%81%E5%96%82PARTY,è‹±å€«èŠ±åœ’@åœå¨å–‚PARTY,undefined,ç‡Ÿæ¥­æ™‚é–“åŠæ”¶è²» :     &lt;æ˜ŸæœŸä¸€åˆ°æ˜ŸæœŸå››&gt;  10:00 a.m ~ 6:00 p.m  4 hrs- (åŸåƒ¹ $118 /person) 2019æŠµç©å„ªæƒ  $88 /person !!!  6:00 p.m. ~ 0:00 a.m.   3 hrs- (åŸåƒ¹ $138 /person) 2019æŠµç©å„ªæƒ  $108 /person !!!  4 hrs- (åŸåƒ¹ $158 /person) 2019æŠµç©å„ªæƒ  $128/person !!!    &lt;æ˜ŸæœŸäº”è‡³æ˜ŸæœŸæ—¥&amp;å…¬çœ¾å‡æœŸåŠå‰å¤• &gt;   10:00 a.m ~ 00:00 a.m   3 hrs- (åŸåƒ¹ $148 /person) 2019æŠµç©å„ªæƒ  $118 /person !!!  4 hrs- (åŸåƒ¹ $168 /person) 2019æŠµç©å„ªæƒ  $138/person !!!      å°ç«¥æ”¶è²»: 0 - 2æ­²ä»¥ä¸‹æ—¢BBä¸€å¾‹ â€œå…è²»FREE!â€œ  3 - 10æ­²æ—¢å°æœ‹å‹åŠåƒ¹   11æ­²ä»¥ä¸Šå…¨åƒ¹<img draggable="false" class="emoji" alt="ğŸ˜‰" src="https://www.2book.co/assets/emoji/128x128/1f609.png">    â€» åŠ é˜ $33@1hr æ¯äºº  â€» å…¶ä»–æ™‚é–“è«‹èˆ‡æˆ‘å€‘è¯çµ¡  â€» ç„¡é™æš¢é£²æ±½æ°´åŠç´™åŒ…é£²å“ (éé…’ç²¾)    <img draggable="false" class="emoji" alt="â­•" src="https://www.2book.co/assets/emoji/128x128/2b55.png">ä»¥ä¸Šä¸€å€‹åƒ¹éŒ¢å·²äº«æœ‰<img draggable="false" class="emoji" alt="âœ”" src="https://www.2book.co/assets/emoji/128x128/2714.png">ç¨ç«‹æˆ¿é–“ã€<img draggable="false" class="emoji" alt="ğŸ¹" src="https://www.2book.co/assets/emoji/128x128/1f379.png">ç„¡é™æš¢é£²æ±½æ°´åŠç´™åŒ…é£²å“ (éé…’ç²¾)ã€å…è²»WiFi,ã€<img draggable="false" class="emoji" alt="ğŸ•¹" src="https://www.2book.co/assets/emoji/128x128/1f579.png">çœŸå¯¦å‚³çµ±è¡—æ©Ÿ ã€<img draggable="false" class="emoji" alt="ğŸ“º" src="https://www.2book.co/assets/emoji/128x128/1f4fa.png">é«˜æ¸…é›»è¦–, ã€<img draggable="false" class="emoji" alt="ğŸ¬" src="https://www.2book.co/assets/emoji/128x128/1f3ac.png">ç§äººå½±é™¢ã€<img draggable="false" class="emoji" alt="ğŸ”ˆ" src="https://www.2book.co/assets/emoji/128x128/1f508.png">éŸ³éŸ¿è¨­å‚™ã€<img draggable="false" class="emoji" alt="ğŸ™" src="https://www.2book.co/assets/emoji/128x128/1f399.png">å”±Kç¥å™¨ã€<img draggable="false" class="emoji" alt="ğŸ®" src="https://www.2book.co/assets/emoji/128x128/1f3ae.png">é›»è¦–éŠæˆ²æ©Ÿ(PS4 åŒ VRã€Wiiã€ XBOX ONE S é«”æ„Ÿã€switch )ã€<img draggable="false" class="emoji" alt="ğŸ€„" src="https://www.2book.co/assets/emoji/128x128/1f004.png">éº»é›€ã€<img draggable="false" class="emoji" alt="ğŸƒ" src="https://www.2book.co/assets/emoji/128x128/1f0cf.png">å„å¼ Card Gameã€(æ³¢æ³¢æ± ã€æ»‘æ¢¯ã€<img draggable="false" class="emoji" alt="ğŸ¤" src="https://www.2book.co/assets/emoji/128x128/1f3a4.png">å¡æ‹‰OKéŸ³éŸ¿@å€‹åˆ¥æˆ¿é–“).    **å¦æœ‰ä»£å«åˆ°æœƒæœå‹™<img draggable="false" class="emoji" alt="ğŸ±" src="https://www.2book.co/assets/emoji/128x128/1f371.png">ï¼Œæ­¡è¿æŸ¥è©¢<img draggable="false" class="emoji" alt="ğŸ˜‰" src="https://www.2book.co/assets/emoji/128x128/1f609.png">
