Miniparty Deluxe - Party Room & BBQ,https://reubird.hk/party-room/kt-miniparty-deluxe/1y-kt-miniparty-deluxe,,觀塘鴻圖道55號幸運工業大廈, 場地面積: 1200+800 (平方尺) ,"
 場地最高可容納人數: 50人 "
Miniparty Mini,https://reubird.hk/party-room/mini_party/xLayiE8Xkq_mini_party,,觀塘偉業街146號美嘉工業大廈, 場地面積: 350 (平方尺) ,"
 場地最高可容納人數: 10人 "
Chill Party,https://reubird.hk/party-room/chill-party/gS-chill-party,"平日收費(星期一至四)$110/3小時$120/4小時$140/5小時$160/6小時
周末/假日收費(星期五至日/假日/假日前夕)$130/3小時$140/4小時$160/5小時$180/6小時
加鐘：$20/hr 丨以上價錢以人頭計算丨
以上價格已包飲品任飲
 
 ",旺角道97號華懋王子大廈, 場地面積: 500 (平方尺) ,"
 場地最高可容納人數: 20人 "
Sunday Morning Club - Earth,https://reubird.hk/party-room/sunday-morning-club-earth/sunday-morning-club-earth-6488,"星期一至四：

09:00 - 00:00：每位$88 / 3小時
加鐘每位$30 / 小時
00:00 - 06:00：每位$188 / 6小時
加鐘每位$40 / 小時

星期五：

09:00 - 18:00：每位$88 / 3小時
加鐘每位$30 / 小時
18:00 - 00:00：每位$118 / 3小時
加鐘每位$40 / 小時
00:00 - 06:00：每位$188 / 6小時
加鐘每位$40 / 小時

星期六日、公眾假期及公眾假期前夕：

09:00 - 00:00：每位$118 / 3小時
加鐘每位$40 / 小時
00:00 - 06:00：每位$188 / 6小時
加鐘每位$40 / 小時

拍攝：

$400 / 小時

其他優惠：

提供學生證減$20
人多包場有特別優惠，歡迎透過ReUbird查詢
",觀塘巧明街105號好運工業大廈10樓A室, 場地面積: 400 (平方尺) ,"
 場地最高可容納人數: 12人 "
Party Fun 月球房,https://reubird.hk/party-room/party-fun/GQ-party-fun,"星期一至四：

10:00 - 18:00：每位$110 / 4小時
19:00 - 00:00：每位$120 / 4小時
00:00 - 06:00：每位$130 / 4小時
最低消費2位

星期五至日、公眾假期及公眾假期前夕：


10:00 - 18:00：每位$110 / 4小時
19:00 - 00:00：每位$125 / 4小時
00:00 - 06:00：每位$140 / 4小時
最低消費2位

 

備註

特別時段包場另議
如攜帶外來飲品或自行訂到會，請事前通知我們。
所有遊樂設施全包
保證不會與其他人共用，可自由出入
",九龍旺角廣東道900 - 904號昌華商業大廈2B室, 場地面積: 400 (平方尺) ,"
 場地最高可容納人數: 20人 "
圍威喂 Party — 英倫花園,https://reubird.hk/party-room/waiwaiwai-party-england-garden/waiwaiwai-party-england-garden-2367,"星期一至星期四 

10:00 - 18:00：每人$98 / 4小時


18:00 - 00:00：每人$138 / 3小時每人$158 / 4小時
通宵時段須在 ReUbird 網上查詢後額外報價

星期五至星期日&公眾假期及前夕

10:00 - 00:00：每人$158 / 3小時每人$178 / 4小時
通宵時段須在 ReUbird 網上查詢後額外報價

 
小童收費

0 -  2歲嘅BB一律免費
3 - 10歲嘅小朋友半價
11歲以上全價
",鴻圖道12號精棉工業大廈 , 場地面積: 300 (平方尺) ,"
 場地最高可容納人數: 60人 "
JM PARTY - Chill Grey,https://reubird.hk/party-room/tw-jmparty-grey/na-tw-jmparty-grey,"星期一至四：
06:00 – 12:00：每位$25/小時12:00 – 18:00：每位$35/小時18:00 – 00:00：每位$40/小時
星期五六日公眾假期及前夕：
06:00 – 12:00：每位$30/小時12:00 – 18:00：每位$40/小時18:00 – 00:00：每位$40/小時
貓頭鷹PARTY：00:00 - 06:00每位$188時段內任玩
* 最低消費為3小時* 最低消費人數以成人收費計算，0-2歲免費，3-10歲小童當半位成人計
其他優惠 ：生日優惠：主人公免收費（優惠適用於生日正日前後七日內），必須先達成最低消費後，額外人頭才可享免費學生優惠：正價9折38人以上優惠：正價9折更可打通兩房包全場
*以上優惠只能3選1，以及人數必須先達成最低消費。",荃運工業中心一期 柴灣角沙咀道45-53號 https://goo.gl/maps/qFQnBK17JshrKwmZ9, 場地面積: 700 (平方尺) ,"
 場地最高可容納人數: 100人 "
Party paradise,https://reubird.hk/party-room/party-paradise/jq-party-paradise,"星期一至四

06:00 - 17:00：每位$30 / 小時
17:00 - 23:00：每位$38 / 小時
23:00 - 06:00：每位$158 / 7小時

星期五至日、公眾假期及公眾假期前夕

06:00 - 17:00：每位$35 / 小時
17:00 - 23:00：每位$45 / 小時
23:00 - 06:00：每位$180 / 7小時

抗疫優惠

通宵時段改為23:00 - 09:00，每位$14.8 / 小時
",旺角廣華街廣發大廈, 場地面積: 300 (平方尺) ,"
 場地最高可容納人數: 18人 "
Vpartyroom,https://reubird.hk/party-room/v-partyroom-kt/Da-v-partyroom-kt,"星期一至四08:00 - 12:00：每位$20 /小時12:00 - 18:00：每位$30 /小時18:00 - 00:00：每位$36 /小時
星期五、六、日08:00 - 12:00：每位$25 /小時12:00 - 18:00：每位$36 /小時18:00 - 00:00：每位$39 /小時
通宵劃一價（00:00 - 08:00) ：每位$188 /全時段
**價錢不適用於12月份及特別日子，詳情請向我們查詢**",九龍觀塘成業街成運工業大廈314室, 場地面積: 650 (平方尺) ,"
 場地最高可容納人數: 25人 "
PartyGO MK,https://reubird.hk/party-room/party-go-mk/iX-party-go-mk,"星期一至四、星期五18:00前：

每位$138 / 4小時
加時每位$28 / 小時

星期五18:00後、星期六日、公眾假期及公眾假期前夕：

每位$168 / 4小時
加時每位$32 / 小時

星期一至日23:00後：

每位$188 / 8小時

 ",旺角新填地街470號海島中心17樓4室, 場地面積: 400 (平方尺) ,"
 場地最高可容納人數: 16人 "
Party M - 小小法國,https://reubird.hk/party-room/party-m-french/party-m-french-3077,"星期一至四

09:00 - 17:00：每位$118 / 4小時
17:00 - 02:00：每位$138 / 4小時

星期五至日、公眾假期及公眾假期前夕

09:00 - 17:00：每位$128 / 4小時
17:00 - 02:00：每位$148 / 4小時
00:00 - 08:00：每位$258 / 8小時

備註：

星期一至日營業時間：09:00 - 02:00
星期五至日、公眾假期及公眾假期前夕為24小時營業
",觀塘巧明街105號好運工業大廈（地址在網上查詢及預約後提供）, 場地面積: 116 (平方尺) ,"
 場地最高可容納人數: 6人 "
Open Parties - 布丁房（黃）,https://reubird.hk/party-room/open-parties-yellow-mk/Dx-open-parties-yellow-mk,"星期一至四

每位$138 / 首4小時

星期五至日

每位$158 / 首4小時 

公眾假期及公眾假期前夕

每位$168 / 首4小時

加鐘收費

首4小時後每位$30 / 小時

備註

本店沒有加一收費
入場前收取$500按金
如發現客人在場內吸煙、嘔吐、濺濕設施而引致額外清潔需要，該$500作為額外清潔費賠償
如情況持續多次發生有機會向客人收取多於 1 次清潔費用
以下事項如發現違規, 每次收取清潔費為$500
客人如使用 BBQ，必須離開前做好簡單清潔
如使用打邊爐，離開前需做好清洗爐具及用具
如非店員同意，客人切勿擅自更改或移動場內機器或遊戲設施
嚴禁在場內玩掟蛋糕、發放紙炮
嚴禁所有煙花和粉塵之類易燃物品進場
",旺角塘尾道60-62號福康工業大廈401室, 場地面積: 350 (平方尺) ,"
 場地最高可容納人數: 15人 "
Party Fun Secret Party,https://reubird.hk/party-room/party-fun-secret-party/party-fun-secret-party-6467,"星期一至四：

每位$90/3小時
每位$110/4小時
每位$130/5小時
每位$150/6小時

星期五至日、公眾假期及公眾假期前夕：

每位$100/3小時
每位$120/4小時
每位$140/5小時
每位$160/6小時

貓頭鷹時段優惠（不限日子）：

00:00 - 10:00：每位$150 / 8小時
",旺角好景商業中心, 場地面積: 300 (平方尺) ,"
 場地最高可容納人數: 12人 "
PartyGO Plus,https://reubird.hk/party-room/party-go-plus/GX-party-go-plus,"星期一至四、星期五18:00前：

每位$138 / 4小時
加時每位$28 / 小時

星期五18:00後、星期六日、公眾假期及公眾假期前夕：

每位$168 / 4小時
加時每位$32 / 小時

星期一至日23:00後,貓頭鷹時段收費

每位$188 / 8小時

 ",旺角登打士街36號恆威商業中心16樓全層, 場地面積: 400 (平方尺) ,"
 場地最高可容納人數: 25人 "
Nowheres Party Room & BBQ,https://reubird.hk/party-room/kt-nowheres-party/Da-kt-nowheres-party,"星期一至四

11:30 - 17:30：每位$158 / 6小時
18:30 - 23:30：每位$168 / 5小時
23:59 - 07:59：每位$188 / 8小時
每人2款無酒精飲品（每位加$10可升級無限任飲）

星期五至日、公眾假期及公眾假期前夕 

11:30 - 17:30：每位$188 / 6小時
18:30 - 23:30：每位$198 / 5小時
23:59 - 07:59：每位$198 / 8小時
每人2款無酒精飲品（每位加$10可升級無限任飲）
",觀塘開源道47號凱源工業大廈5樓I室, 場地面積: 2200 (平方尺) ,"
 場地最高可容納人數: 80人 "
Panana Chill 18 Partyroom,https://reubird.hk/party-room/panana-chill-18-party-room/panana-chill-18-party-room-6369,"   




4位或以上價目表(每位)




 


星期一至四


星期五至日、公眾假期及
公眾假期前夕




時段A
09:00-15:00


3小時 $90
(之後每小時 $15)


3小時 $100
(之後每小時 $15)




時段B
15:00-23:00


3小時 $110
(之後每小時 $20)


3小時 $120
(之後每小時 $20)




通宵
00:00-09:00


7小時 $130
(之後每小時 $20)


7小時 $160
(之後每小時 $20)




備註:


1.跨時段每位另收$10
2.臨時加鐘每小時$35


1.跨時段每位另收$10
2.臨時加鐘每小時$35




 ",旺角花園街2-16號好景商業中心2716室, 場地面積: 280 (平方尺) ,"
 場地最高可容納人數: 12人 "
MMPartyClub (M.P.),https://reubird.hk/party-room/kc-mm-partyclub/1y-kc-mm-partyclub,"星期一至四：

06:00 - 12:00：每位$115 / 4小時 
12:00 - 18:00：每位$135 / 4小時 
18:00 - 23:00：每位$145 / 4小時 
23:00 - 06:00：每位$135 / 4小時 

星期五至日、公眾假期及公眾假期前夕：

06:00 - 12:00：每位$125 / 4小時 
12:00 - 18:00：每位$145 / 4小時 
18:00 - 23:00：每位$155 / 4小時 
23:00 - 06:00：每位$145 / 4小時
",葵興華星街, 場地面積: 1400 (平方尺) ,"
 場地最高可容納人數: 23人 "
AMPMini Party Room,https://reubird.hk/party-room/ampminipartyroom/ampminipartyroom-2878,"星期一至四

08:00 - 12:00：每位$20 / 小時
12:00 - 18:00：每位$25 / 小時
18:00 - 00:00：每位$30 / 小時
00:00 - 08:00：每位$140 / 8小時
飲品每位加$10任飲

星期五至日、公眾假期及公眾假期前夕

08:00 - 12:00：每位$25 / 小時
12:00 - 18:00：每位$30 / 小時
18:00 - 00:00：每位$35 / 小時
00:00 - 08:00：每位$160 / 8小時
飲品每位加$10任飲
",觀塘成業街15-17號成運工業大廈, 場地面積: 300 (平方尺) ,"
 場地最高可容納人數: 12人 "
GG Party,https://reubird.hk/party-room/gg-party/gXVRfvtp-gg-party,"星期一至四全日及星期五18:00前離場：

每位$128 / 3小時
每位$168 / 5小時

星期五18:00後、星期六日、公眾假期及公眾假期前夕：

每位$138 / 3小時
每位$168 / 4小時

* 參與活動豁免飲品收費",葵涌工業街17-21號美安工業大廈, 場地面積: 1500 (平方尺) ,"
 場地最高可容納人數: 50人 "
白馬王子 Party Room,https://reubird.hk/party-room/mk-wdream/jM-mk-wdream,☀早午時段 🕘10am-6pm🕕 星期一至四：每位$70/ 4小時 星期五至日、公眾假期：每位$80/ 4 小時🔺最少4位🔺-🌙晚上時段 🕕7pm-12am🕛 星期一至四：每位$80/ 4小時星期五至日、公眾假期：每位$98/ 4小時🔺最少4位🔺-🌑貓頭鷹時段 🕛11pm-7pm🕘 星期一至四：每位$138/ 8小時 星期五至日、公眾假期：每位$158/ 8小時🔺最少4位 🔺,旺角道97號華懋王子大廈, 場地面積: 400 (平方尺) ,"
 場地最高可容納人數: 16人 "
Party M - 美式復古,https://reubird.hk/party-room/party-m-american-style/party-m-american-style-3078,"星期一至四

09:00 - 17:00：每位$118 / 4小時
17:00 - 02:00：每位$138 / 4小時

星期五至日、公眾假期及公眾假期前夕

09:00 - 17:00：每位$128 / 4小時
17:00 - 02:00：每位$148 / 4小時
00:00 - 08:00：每位$258 / 8小時

備註：

星期一至四營業時間：09:00 - 02:00
星期五至日、公眾假期及公眾假期前夕為24小時營業
",觀塘巧明街105號好運工業大廈, 場地面積: 231 (平方尺) ,"
 場地最高可容納人數: 10人 "
BQ Party － Party Room & BBQ,https://reubird.hk/party-room/kwuntong-bq-party/gQ_kwuntong-bq-party,"星期一至四

11:30 - 17:30：每位$158 / 6小時
18:30 - 23:30：每位$168 / 5小時
23:59 - 07:59：每位$188 / 8小時
每人2款無酒精飲品（每位加$10可升級無限任飲）

星期五至日、公眾假期及公眾假期前夕 

11:30 - 17:30：每位$188 / 6小時
18:30 - 23:30：每位$198 / 5小時
23:59 - 07:49：每位$198 / 8小時
每人2款無酒精飲品（每位加$10可升級無限任飲）
",觀塘成業街19-21成業工業大廈401室, 場地面積: 2400 (平方尺) ,"
 場地最高可容納人數: 80人 "
Hyphen Party九龍灣,https://reubird.hk/party-room/hyphen_party_event/en4yi38Pbq_hyphen_party_event,,,,
Miniparty Autumn,https://reubird.hk/party-room/miniparty-autumn/miniparty-autumn-6357,,旺角花園街2-16號好景商業中心, 場地面積: 200 (平方尺) ,"
 場地最高可容納人數: 8人 "
Acoustic Partyroom 大店,https://reubird.hk/party-room/acoustic2/nr-acoustic2,"星期一至四：

06:00 - 17:00：每位$30 / 小時
17:00 - 23:00：每位$38 / 小時
23:00 - 18:00：每位$188 / 7小時

星期五至日、公眾假期及公眾假期前夕：

06:00 - 17:00：每位$35 / 小時
17:00 - 23:00：每位$46 / 小時
23:00 - 18:00：每位$180 / 7小時
",旺角好望角大廈, 場地面積: 500 (平方尺) ,"
 場地最高可容納人數: 28人 "
XX party,https://reubird.hk/party-room/xx-party/1r-xx-party,"<<3人-6人收費>>
平日收費(星期一至四)$110/3小時$120/4小時$140/5小時$160/6小時
周末/假日收費(星期五至日/假日/假日前夕)$130/3小時$140/4小時$160/5小時$180/6小時
加鐘：$20/hr 丨以上價錢以人頭計算丨
<<2人價錢表>>
平日收費(星期一至四)$120/3小時$140/4小時$160/5小時
加鐘：$20/hr 丨以上價錢以人頭計算丨
週末/假日收費（Fri-Sat/假日/假日前夕）$140/3小時$160/4小時$190/5小時
加鐘：$30/hr 丨以上價錢以人頭計算丨
以上價格已包飲品任飲

 
如需攜帶酒精飲品，需支付$500按金，如無嘔吐，打破玻璃，嚴重弄髒埸地情況，按金會在完埸後６小時內退回。
",旺角好景商業中心, 場地面積: 200 (平方尺) ,"
 場地最高可容納人數: 6人 "
A Little Bit Of Sweetness,https://reubird.hk/party-room/a-little-bit-of-sweetness/Kp-a-little-bit-of-sweetness,"星期一至四

09:00 - 13:00：每位$18 / 小時
13:00 - 18:00：每位$24 / 小時
18:00 - 00:00：每位$32 / 小時
23:00 - 08:00：每位$18 / 小時
最低消費4小時

星期五至日、公眾假期及公眾假期前夕

09:00 - 13:00：每位$22 / 小時
13:00 - 18:00：每位$26 / 小時
18:00 - 00:00：每位$36 / 小時
23:00 - 08:00：每位$20 / 小時
最低消費4小時


 
4人電動麻雀 Plan
星期一至四
早場（10:00 - 15:00）：整個時段$398
中午場（13:00 - 18:00）：整個時段$428
夜場（18:00 - 23:00）：整個時段$488
通宵場（23:00 - 08:00）：整個時段$468




星期五六日、公眾假期及公眾假期前夕每位$30附加費
以上收費只限4位入場，超過4位可在ReUbird查詢後另議
溫馨提示，本房間為非吸煙房間


",觀塘鴻圖道70號利安工業大廈3樓B座13室, 場地面積: 100 (平方尺) ,"
 場地最高可容納人數: 8人 "
AMPMongkok Party Room,https://reubird.hk/party-room/ampmongkok-party-room/ampmongkok-party-room-3523,"星期一至四

08:00 - 12:00：每位$20 / 小時
12:00 - 18:00：每位$25 / 小時
18:00 - 00:00：每位$30 / 小時
00:00 - 08:00：每位$140 / 8小時
飲品每位加$10任飲

星期五至日、公眾假期及公眾假期前夕

08:00 - 12:00：每位$25 / 小時
12:00 - 18:00：每位$35 / 小時
18:00 - 00:00：每位$38 / 小時
00:00 - 08:00：每位$160 / 8小時
飲品每位加$10任飲
",旺角百寶利商業中心, 場地面積: 280 (平方尺) ,"
 場地最高可容納人數: 15人 "
A Little Bit Of Happiness,https://reubird.hk/party-room/a-little-bit-of-happiness/a-little-bit-of-happiness-2929,"星期一至四

09:00 - 13:00：每位$20 / 小時
13:00 - 18:00：每位$26 / 小時
18:00 - 00:00：每位$34 / 小時
23:00 - 08:00：每位$20 / 小時
最低消費4小時及6人

星期五至日、公眾假期及公眾假期前夕

09:00 - 13:00：每位$24 / 小時
13:00 - 18:00：每位$36 / 小時
18:00 - 00:00：每位$40 / 小時
23:00 - 08:00：每位$24 / 小時
最低消費4小時及6人


 ",觀塘鴻圖道70號利安工業大廈3樓B座7室 , 場地面積: 240 (平方尺) ,"
 場地最高可容納人數: 16人 "
Lazyboss - 櫻花主題房,https://reubird.hk/party-room/lazyboss-sakura/nr-lazyboss-sakura,"星期一至四

09:00 - 13:00：每位$98 / 4小時  
14:00 - 18:00：每位$118 / 3小時；$138 / 4小時 
19:00 - 00:00：每位$128 / 3小時；$148 / 4小時
00:00 - 07:00（可加鐘提早入場）：每位$148 / 3小時；$188 / 7小時 

星期五至日、公眾假期及公眾假期前夕（任何時段）

每位$128 / 3小時  
每位$148 / 4小時 

 
人頭計算 ，任飲任玩 ！
一口價；不設加一！
攝影用途另設收費，詳情請透過ReUbird查詢（請誠實）",葵涌大連排道金豐工業大廈一期地下, 場地面積: 300 (平方尺) ,"
 場地最高可容納人數: 8人 "
DeLight House,https://reubird.hk/party-room/de-light-house/gr-de-light-house,"星期一至四、星期五18:00前：

每位$138 / 4小時
加時每位$25 / 小時

星期五18:00後、星期六日、公眾假期及公眾假期前夕：

每位$158 / 4小時
加時每位$30 / 小時

星期一至日23:00後,貓頭鷹時段收費

每位$188 / 8小時
 

*商業拍攝、工作坊、會議及講座收費請透過ReUbird另行查詢",荔枝角長沙灣道中國船舶大廈701室, 場地面積: 1100 (平方尺) ,"
 場地最高可容納人數: 80人 "
2119 Party Room,https://reubird.hk/party-room/mk-2119/ga-mk-2119,"星期一至四

09:00 - 18:00：每位$25/小時
18:00 - 00:00：每位$30/小時
00:00 - 09:00：每位$25/小時(或8小時 每位$130)

 
星期五及週

09:00 - 18:00：每位$30/小時
18:00 - 00:00：每位$35/小時
00:00 - 09:00：每位$30/小時(或7小時 每位$150)

 
*加鐘依時段價錢收費",旺角旺角花園街2-16號好景商業中心, 場地面積: 220 (平方尺) ,"
 場地最高可容納人數: 8人 "
Hyphen Party & Event (鑽石山),https://reubird.hk/party-room/hyphen-party-dmh/gr-hyphen-party-dmh,"日間時段 ：08:00 - 18:00

星期一至五：每位$148 / 5小時
星期六日、公眾假期及公眾假期前夕：每位$168 / 5小時

 
晚間時段：19:00 - 23:30

星期一至四：每位$168 / 5小時
星期五至日、公眾假期及公眾假期前夕：每位$198 / 5小時

 
貓頭鷹時段：00:00 - 06:00

星期一至五：每位$188 / 整個時段
星期六日、公眾假期及公眾假期前夕：每位$208 / 整個時段
",新蒲崗五芳街華懋工業大廈8樓C室 , 場地面積: 2600 (平方尺) ,"
 場地最高可容納人數: 120人 "
Open Parties - 馬卡龍房（藍）,https://reubird.hk/party-room/open-parties-blue-mk/Dr-open-parties-blue-mk,"星期一至四

每位$138 / 首4小時

星期五至日

每位$158 / 首4小時

公眾假期及公眾假期前夕

每位$168 / 首4小時

注意事項

入場前會收取$500按金

如發現客人在場內吸煙、嘔吐、濺濕設施而引致額外清潔需要，該$500 作為額外清潔費賠，以作賠償
如情況持續多次發生有機會向客人收取多於 1 次清潔費用（$500）


以下事項如發現違規，每次收取清潔費為$500：

客人如使用 BBQ，必須離開前做好簡單清潔
如使用打邊爐，離開前需做好清洗爐具及用具
如非店員同意，客人切勿擅自更改或移動場內機器或遊戲設施
嚴禁在場內玩掟蛋糕、發放紙炮
嚴禁所有煙花和粉塵之類易燃物品進場


",旺角塘尾街60-62號福康工業大廈401室, 場地面積: 350 (平方尺) ,"
 場地最高可容納人數: 15人 "
Acoustic Partyroom (粉藍主題房),https://reubird.hk/party-room/mk-acoustic-party/Da-mk-acoustic-party,"2人收費
星期一至四：

08:00 - 17:00：每位$38 / 小時
17:00 - 23:00：每位$45 / 小時
23:00 - 06:00：每位$180 / 整個時段

星期五至日、公眾假期及公眾假期前夕：

08:00 - 17:00：每位$40 / 小時
17:00 - 23:00：每位$50 / 小時
23:00 - 06:00：每位$210 / 整個時段

3 - 4人收費
星期一至四：

08:00 - 17:00：每位$33 / 小時
17:00 - 23:00：每位$40 / 小時
23:00 - 06:00：每位$160 / 整個時段

星期五至日、公眾假期及公眾假期前夕：

08:00 - 17:00：每位$35 / 小時
17:00 - 23:00：每位$45 / 小時
23:00 - 06:00：每位$180 / 整個時段

5 - 8人收費
星期一至四：

08:00 - 17:00：每位$28 / 小時
17:00 - 23:00：每位$35 / 小時
23:00 - 06:00：每位$148 / 整個時段

星期五至日、公眾假期及公眾假期前夕：

08:00 - 17:00：每位$30 / 小時
17:00 - 23:00：每位$40 / 小時
23:00 - 06:00：每位$160 / 整個時段
",旺角好景商業中心, 場地面積: 150 (平方尺) ,"
 場地最高可容納人數: 6人 "
Lucky Five Party Room ＆BBQ,https://reubird.hk/party-room/lucky-five-party-room/lucky-five-party-room-7524,"
最少預約 6 小時
每位收費 $120 / 6 小時
6小時後，期後每位收費 $15 / 小時
如使用 BBQ 設備，會向客人收取 $200 一次性 BBQ 清潔費
",荃灣荃運工業中心一期, 場地面積: 1150 (平方尺) ,"
 場地最高可容納人數: 30人 "
Lazyboss - 浪漫鳥籠主題房,https://reubird.hk/party-room/lazyboss-birdcage/ga-lazyboss-birdcage,"星期一至四

09:00 - 13:00：每位$98 / 4小時  
14:00 - 18:00：每位$118 / 3小時；$138 / 4小時 
19:00 - 00:00：每位$128 / 3小時；$148 / 4小時
00:00 - 07:00（可加鐘提早入場）：每位$148 / 3小時；$188 / 7小時 

星期五至日、公眾假期及公眾假期前夕（任何時段）

每位$128 / 3小時  
每位$148 / 4小時 

 
人頭計算 ，任飲任玩 ！
一口價；不設加一！
攝影用途另設收費，詳情請透過ReUbird查詢（請誠實）",葵涌大連排道金豐工業大廈一期地下, 場地面積: 1200 (平方尺) ,"
 場地最高可容納人數: 40人 "
2119b Party,https://reubird.hk/party-room/2101-party-room/2101-party-room-2220,"

星期一至四：

09:00 - 18:00：每位 $25 / 小時
18:00 - 00:00：每位 $30 / 小時
00:00 - 09:00：每位 $25 / 小時 (或8小時每位$130)

 
星期五、六、日、公眾假期及公眾假期前夕：

09:00 - 18:00：每位$30 / 小時
18:00 - 00:00：每位$35 / 小時
00:00 - 09:00：每位$30 / 小時 (或8小時每位$150)

 
*加鐘依時段價錢收費

",旺角廣華街42-56號廣發商業中心, 場地面積: 320 (平方尺) ,"
 場地最高可容納人數: 15人 "
Endless Party House - 真。香港房,https://reubird.hk/party-room/endless-party-realhk/Zq-endless-party-realhk,"
每位$42 / 小時
",尖沙咀加拿芬道49號夏惠樓, 場地面積: 500 (平方尺) ,"
 場地最高可容納人數: 4人 "
LazyBoss - Tiffany blue 主題房,https://reubird.hk/party-room/lazyboss-tiffany-blue/gy-lazyboss-tiffany-blue,"星期一至四

09:00 - 13:00：每位$98 / 4小時  
14:00 - 18:00：每位$118 / 3小時；$138 / 4小時 
19:00 - 00:00：每位$128 / 3小時；$148 / 4小時
00:00 - 07:00（可加鐘提早入場）：每位$148 / 3小時；$188 / 7小時 

星期五至日、公眾假期及公眾假期前夕（任何時段）

每位$128 / 3小時  
每位$148 / 4小時 

 
人頭計算 ，任飲任玩 ！
一口價；不設加一！
攝影用途另設收費，詳情請透過ReUbird查詢（請誠實）",葵涌大連排道金豐工業大廈一期地下, 場地面積: 400 (平方尺) ,"
 場地最高可容納人數: 12人 "
Industparty,https://reubird.hk/party-room/industparty-party-room/industparty-party-room-3267,"星期一至四

09:00 - 14:00：每位$50 / 首3小時，之後每位加$15 / 小時
12:00 - 18:00：每位$80 / 首3小時，之後每位加$20 / 小時
18:00 - 23:30：每位$100 / 首3小時，之後每位加$20 / 小時
23:30 - 08:30：每位$130 / 首7小時，之後每位加$20 / 小時

星期五至日、公眾假期及公眾假期前夕

09:00 - 14:00：每位$80 / 首3小時，之後每位加$15 / 小時
12:00 - 18:00：每位$110 / 首3小時，之後每位加$20 / 小時
18:00 - 23:30：每位$130 / 首3小時，之後每位加$20 / 小時
22:30 - 08:30：每位$160 / 首7小時，之後每位加$25 / 小時
",觀塘偉業街146號美嘉工業大廈, 場地面積: 420 (平方尺) ,"
 場地最高可容納人數: 25人 "
Party Fun W Dream,https://reubird.hk/party-room/w-dream-lck/gr-w-dream-lck,"包場時段收費
 
星期一至四
☀早午時段 🕘10am-6pm🕕： 每位$78/ 4小時 🌙晚上時段 🕕7pm-12am🕛 ：每位$98/4 小時
🌑貓頭鷹時段 🕛12am-8am🕘 ：每位$138/8小時
🔺最少4位🔺
 
星期五至六、公眾假期及公眾假期前夕
☀早午時段 🕘10am-6pm🕕 ：每位$98/ 4小時🌙晚上時段 🕕7pm-12am🕛 ：每位$138 任玩4小時🌑貓頭鷹時段 🕛12am-8am🕘 ：每位$158/4小時 送4小時
🔺最少10位🔺
 
星期日
☀早午時段 🕘10am-6pm🕕 ：每位$98/ 4小時🌙晚上時段 🕕7pm-12am🕛 ：每位$118 任玩4小時🌑貓頭鷹時段 🕛12am-8am🕘 ：每位$138/4小時 送4小時🔺最少6位🔺",山東街1號, 場地面積: 600 (平方尺) ,"
 場地最高可容納人數: 30人 "
Serve YourSelf - HKSYS Party & Gathering Room A,https://reubird.hk/party-room/kt-sys-party/gy-kt-sys-party,"（1）Party room + 自備食物

每位$118 / 4小時

（2）BBQ場 + 自備食物

每位$128 / 4小時

（3）Party room + BBQ場

每位$198 / 4小時

（4）Party room + 代訂到會

每位$218 / 4小時

（5）BBQ場 + 代訂到會

每位$228 / 4小時

（6）Party room + BBQ場 + 代訂到會

每位$298 / 4小時
",觀塘工業中心四期13樓F室, 場地面積: 5000 (平方尺) ,"
 場地最高可容納人數: 100人 "
AMPremiuM Party Room,https://reubird.hk/party-room/AMPremiuM/AMPremiuM-6416,"星期一至四

00:00 - 12:00：每位$20 / 小時（連續book 8小時或以上每人減$20）
12:00 - 18:00：每位$30/ 小時
18:00 - 00:00：每位$35 / 小時
最低消費4小時及15人同行
飲品每位+$10任飲

星期五至日、公眾假期及公眾假期前夕

00:00 - 12:00：每位$25 /小時（連續book 8小時或以上每人減$20）
12:00 - 18:00：每位$35 / 小時
18:00 - 00:00：每位$38 / 小時
最低消費4小時及20人同行
飲品每位+$10任飲
",觀塘成業街華成工商中心, 場地面積: 1200 (平方尺) ,"
 場地最高可容納人數: 40人 "
PartyGO BC,https://reubird.hk/party-room/PartyGOBC/PartyGOBC-6612,"*PartyGo MK | PartyGo Plus| PartyGo BC | Delight House收費表*
--------------------------------*星期一至四/星期五六點前*每位$138/4hrs, 加時$28/hr
*最低消費*Delight House: 8位PartyGo MK/ Plus/ BC: 6位--------------------------------*星期五六日/假期前夕*每位$168/4hrs, 加時$32/hr
*最低消費*Delight House: 12位PartyGo MK/ Plus/ BC: 8位
--------------------------------*貓頭鷹時段(最早23:00進場)*每位$178/8hrs
--------------------------------[六歲或以下免費，11歲或以下半價]
*以上報價只供參考，特別日子價格或有所更改，以PartyGO最終報價為準，商業合作請另外報價*",旺角砵蘭街332-334號龐堅中心18樓, 場地面積: 450 (平方尺) ,"
 場地最高可容納人數: 20人 "
Skyline Party - BBQ & Party Room,https://reubird.hk/party-room/skyline-party-room-bbq/skyline-party-room-bbq-2305,"星期一至四（🔥 可享全單9折優惠）：

每位$206（只包飲品）

星期五至日、公眾假期及公眾假期前夕：

12:00 - 17:00：每位$268 / 5小時
19:00 - 00:00：每位$298 / 5小時

注意事項：

容納人數 10至150位
星期一至四最低消費15位成人
星期五至日、公眾假期及公眾假期前夕最低消費20位成人
包非酒精飲品
可自帶酒精及食物
食物餐牌可能因供應而更改
本店只限預約，不設walkin
可攜帶寵物，但需自行負責
",大角咀 必發道83號26樓全層, 場地面積: 3400 (平方尺) ,"
 場地最高可容納人數: 150人 "
Party de Paris,https://reubird.hk/party-room/kt-party-de-paris/Da-kt-party-de-paris,"以下的九折價錢係只限於經 ReUbird 網上查詢的客人：
1. 星期一至四：

每人 $160 / 4小時
每人 $200 / 6小時
每人 $230 / 通頂 00:00-9:00

2. 星期五，六，日 或 紅日:

每人 $170 / 4小時
每人 $210 / 6小時
每人 $240 / 通頂 00:00-9:00
",觀塘駿業街 駿運工業大廈, 場地面積: 550 (平方尺) ,"
 場地最高可容納人數: 30人 "
Sunday Morning Club - Neon,https://reubird.hk/party-room/sunday-morning-club-neon/sunday-morning-club-neon-6539,"星期一至四：

09:00 - 00:00：每位$108 / 3小時 
00:00 - 06:00：每位$188 / 6小時

星期五：

09:00 - 18:00：每位$108 / 3小時
18:00 - 00:00：每位$138 / 3小時
00:00 - 06:00：每位$188 / 6小時

星期六日、公眾假期及公眾假期前夕

09:00 - 00:00：每位$138 / 3小時
00:00 - 06:00：每位$188 / 6小時

場地拍攝：

$250 / 小時

其他優惠：

出示學生證可減$20
人多包場有特別優惠，歡迎透過ReUbird查詢
",觀塘巧明街105號好運工業大廈10樓A室, 場地面積: 400 (平方尺) ,"
 場地最高可容納人數: 12人 "
Miniparty Ace,https://reubird.hk/party-room/miniparty-nordic/nC-miniparty-nordic,,觀塘偉業街146號美嘉工業大廈, 場地面積: 400 (平方尺) ,"
 場地最高可容納人數: 20人 "
Seasons Party Room,https://reubird.hk/party-room/seasons-party-room/seasons-party-room-6376,"星期一至四全日及星期五18:00前離場：

每位$128 / 3小時
每位$148 / 4小時

星期五18:00後、星期六日、公眾假期及公眾假期前夕：

每位$138 / 3小時
每位$168 / 4小時

通宵時段(晚上00:00-10:00 任選8小時)：

4位起 每位 $228
8位以上 每位 $218
12位以上 每位 $208

*無限暢飲服務詳情請向職員查詢","牛頭角偉業街139-141,兆發工業大廈", 場地面積: 900 (平方尺) ,"
 場地最高可容納人數: 30人 "
One Bite Kitchen & Studio,https://reubird.hk/party-room/one-bite-party-room/one-bite-party-room-6489,"派對聚會, 人頭收費：

最低消費4小時
$300/4小時起 
全店九五折即煮優質食材

 
拍攝租場費用：

最低消費3小時
$1500 / 3小時起
全店九五折即煮優質食材
",葵涌工業街23-31號美聯工業大廈19樓A1室, 場地面積: 600 (平方尺) ,"
 場地最高可容納人數: 20人 "
Sea Oyster BBQ串燒 AND PARTY ROOM,https://reubird.hk/party-room/seaoysterbbq/seaoysterbbq-2185,"包場收費：

$2000 / 4小時
包場收費視乎情況而定，詳情請透過ReUbird查詢
",觀塘興業中心, 場地面積: 1000 (平方尺) ,"
 場地最高可容納人數: 40人 "
Nutshell Hong Kong,https://reubird.hk/party-room/klb-nutshell/D3-klb-nutshell,"星期一至四
租用四小時: 每人$148
*最低消費人數: 8人 (不足8人亦當8人計)
 
星期五、六、日、公眾假期及公眾假期前夕
租用四小時: 每人$168
*最低消費人數: 8人 (不足8人亦當8人計)
 
以上收費已包括飲品（紙包飲品、罐裝汽水及花茶）
 
Remarks

3歲或以下小童免費入場，4-10歲小童半價收費。
每位成人只可攜同一名三歲或以下小童，其餘以半價收費。
以上收費特別節日或會調整。
工作坊、商業拍攝錄影另議。
價格只作參考，請向職員查詢最終收費
",九龍灣宏冠道6號, 場地面積: 800 (平方尺) ,"
 場地最高可容納人數: 50人 "
桌桌有娛 Funtable: 一邊BBQ 一邊Party!,https://reubird.hk/party-room/funtable-party-room-cafe/IX8YdA0ea-funtable-party-room-cafe,"星期一至四：

每位$148 / 4小時

星期五至日、公眾假期及公眾假期前夕：

每位$178 / 4小時
",葵興華星街保盈工業大廈, 場地面積: 3000 (平方尺) ,"
 場地最高可容納人數: 60人 "
Rent A Kitchen Party Room （小廚房）,https://reubird.hk/party-room/rent-a-kitchen-small-party-room/rent-a-kitchen-small-party-room-2814,"星期一至四

11:00 - 16:00：全節$1580 
18:30 - 00:30：全節$1580

星期五至日、公眾假期及公眾假期前夕

11:00 - 16:00：全節$1580 
18:30 - 00:30：全節$2180

*所有時段均為包場，費用已包括洗碗清潔服務",觀塘道404號時運工業大廈, 場地面積: 400 (平方尺) ,"
 場地最高可容納人數: 12人 "
Login Party - 細房,https://reubird.hk/party-room/login-party-small-room/login-party-small-room-2395,"




20人或以下Plan：
星期一至四



11:00 - 00:00：每位$30 / 小時
00:00 - 07:00：每位$40 / 小時

星期五至日、公眾假期及公眾假期前夕

11:00 - 00:00：每位$45 / 小時
00:00 - 07:00：每位$50 / 小時

20人以上Plan：

星期一至四

11:00 - 00:00：每位$25 / 小時
00:00 - 07:00：每位$30 / 小時

星期五至日、公眾假期及公眾假期前夕

11:00 - 00:00：每位$30 / 小時
00:00 - 07:00：每位$40 / 小時





注意事項




房間有三間， 落訂前請查詢房間分配。



",荔枝角億利工業中心, 場地面積: 300 (平方尺) ,"
 場地最高可容納人數: 25人 "
COOK TO GATHER,https://reubird.hk/party-room/cook-to-gather-party-room/cook-to-gather-party-room-3176,"星期一至四 

每位$150 / 3小時

星期五至日、公眾假期及公眾假期前夕

每位$200 / 4小時

 
煮食活動另需收取$500清潔費，已包括

安排專人收拾清潔場地同所有用具
所有廚具餐具包括Le Creuset系列任用
可無限量自攜食物及飲品
無切餅費、開瓶費等額外收費

 
* 一般營業時間為14:00-24:00* 星期五、六、日、公眾假期及公眾假期前夕：可留至凌晨(須向場地職員查詢)",上環蘇杭街93號, 場地面積: 840 (平方尺) ,"
 場地最高可容納人數: 70人 "
Store Party Room,https://reubird.hk/party-room/store-party-room-cwb/Dy-store-party-room-cwb,"星期一至四：

00:00前：每人$55 / 小時
00:00後：每人$65 / 小時

星期五、六、日／公眾假期及前夕：

00:00前：每人$55 / 小時
00:00後：每人$65 / 小時

備註：

最低消費12人，3小時起
三歲以下免費，如人數不足或想知更多收費詳情請透過ReUbird與場地負責人聯絡
每人加$10就包任飲非酒精飲品
只收現金/PayMe、轉數快
免切餅費、開瓶費、外帶費，如有食物將收取10% 清潔費，蛋糕、零食、酒水除外
如要確定留場， 需要支付1000訂金確定預留場地， 一經過訂不設退訂（$1000 訂金會喺當日結算退回）
每位+$10可任飲非酒精飲品
",銅鑼灣駱克道514號4樓, 場地面積: 880 (平方尺) ,"
 場地最高可容納人數: 45人 "
Lounge No. 93 Party Room & BBQ,https://reubird.hk/party-room/lounge-no-93-party-room/lounge-no-93-party-room-2849," 
 ",太子荔枝角道, 場地面積: 850 (平方尺) ,"
 場地最高可容納人數: 30人 "
Roomerang,https://reubird.hk/party-room/roomerang/Dy-roomerang,,,,
Replay Party Room,https://reubird.hk/party-room/replay-party/gf-replay-party,"🕘 首4小時 🕘
星期一至四

14:30前進埸 每位$150
14:30或之後進埸 每位$170
20:30或之後進埸 每位$190 

五、六、日、公眾假期及公眾假期前夕

14:30前進埸 每位$170
14:30或之後進埸 每位$190
",葵興永業街永豐工業大廈, 場地面積: 3000 (平方尺) ,"
 場地最高可容納人數: 80人 "
目木 (MUK MUK SPACE),https://reubird.hk/party-room/muk-muk-space/Dr-muk-muk-space,,,,
Lapse Party & Studio,https://reubird.hk/party-room/lapse-party-event-party-room-studio/IQ-lapse-party-event-party-room-studio,,,,
LNF(Lost n Found) PARTY ROOM,https://reubird.hk/party-room/lost-n-found/na-lost-n-found,,,,
Wild Kitchen Party Room (Shing Yip Street),https://reubird.hk/party-room/wild-kitchen/wild-kitchen-6409,,觀塘成業街19-21號成業工業大廈730室, 場地面積: 600 (平方尺) ,"
 場地最高可容納人數: 25人 "
Party One,https://reubird.hk/party-room/party-one-party-room/n_j27a5mZZ-party-one-party-room,,,,
圍威喂 Party — 秋之楓,https://reubird.hk/party-room/right-right-right-party-autumn/right-right-right-party-autumn-2372,"星期一至星期四 

10:00 - 18:00：每人$88 / 4小時


18:00 - 00:00：每人$138 / 3小時每人$158 / 4小時
通宵時段須在 RreUbid 網上查詢後額外報價

星期五至星期日&公眾假期及前夕

10:00 - 00:00：每人$158 / 3小時每人$178 / 4小時
通宵時段須在 ReUbird 網上查詢後額外報價

 
小童收費

0 -  2歲嘅BB一律免費
3 - 10歲嘅小朋友半價
11歲以上全價
",鴻圖道12號精棉工業大廈 ,,
Serve YourSelf - HKSYS Party & Gathering Room B,https://reubird.hk/party-room/hksys-party-room-b/hksys-party-room-b-2435,"（1）Party room + 自備食物

每位$118 / 4小時

（2）BBQ場 + 自備食物

每位$128 / 4小時

（3）Party room + BBQ場

每位$198 / 4小時

（4）Party room + 代訂到會

每位$218 / 4小時

（5）BBQ場 + 代訂到會

每位$228 / 4小時

（6）Party room + BBQ場 + 代訂到會

每位$298 / 4小時
",觀塘工業中心四期13樓F室, 場地面積: 650 (平方尺) ,"
 場地最高可容納人數: 20人 "
Party fun Party Shop,https://reubird.hk/party-room/party-shop/K2-party-shop,"星期一至四：

每位$90 / 3小時
每位$110 / 4小時
每位$130 / 5小時
每位$150 / 6小時

星期五至日、公眾假期及公眾假期前夕：

每位$100 / 3小時
每位$120 / 4小時
每位$140 / 5小時
每位$160 / 6小時

貓頭鷹時段優惠（不限日子）：

00:00 - 10:00：每位$150 / 8小時
",旺角好景商業中心, 場地面積: 300 (平方尺) ,"
 場地最高可容納人數: 12人 "
PAPA 18 Partyroom,https://reubird.hk/party-room/panana-chill-18-small-room/panana-chill-18-small-room-6370," 




2-3人價目表(每位)




 


星期一至四


星期五至日、公眾假期及
公眾假期前夕




時段A
09:00-15:00 


3小時$100(之後每小時$35)


3小時$130(之後每小時$35)




時段B 
15:00 - 23:00 


3小時$150(之後每小時$40)


3小時$180(之後每小時$40)




通宵時段
00:00 - 09:00 


7小時$220(之後每小時$35)


7小時$250(之後每小時$35)




備註


1.跨時段每位另收$10
2.臨時加鐘每小時$45


1.跨時段每位另收$10
2.臨時加鐘每小時$45




 




4人或以上價目表(每位)




 


星期一至四


星期五至日、公眾假期及
公眾假期前夕




時段A
09:00-15:00 


3小時$90(之後每小時$15)


3小時$100(之後每小時$15)




時段B 
15:00 - 23:00 


3小時$110(之後每小時$20)


3小時$120(之後每小時$20)




通宵時段
00:00 - 09:00 


7小時$130(之後每小時$20)


7小時$160(之後每小時$20)




備註


1.跨時段每位另收$10
2.臨時加鐘每小時$35


1.跨時段每位另收$10
2.臨時加鐘每小時$35




  
 ",旺角花園街2-16號好景商業中心1808室, 場地面積: 200 (平方尺) ,"
 場地最高可容納人數: 6人 "
Sunday Morning Club - Colour,https://reubird.hk/party-room/sunday-morning-club-colour/sunday-morning-club-colour-6538,"星期一至四

09:00 - 00:00：每位$108 / 3小時
00:00 - 06:00：每位$188 / 6小時

星期五

09:00 - 18:00：每位$108 / 3小時
18:00 - 00:00：每位$138 / 3小時
00:00 - 06:00：每位$188 / 6小時

星期六日、公眾假期及公眾假期前夕

09:00 - 00:00：每位$138 / 3小時
00:00 - 06:00：每位$188 / 6小時

場地拍攝：

$250 / 小時

更多優惠：

學生證人頭減$20
人多包場有特別優惠，歡迎透過ReUbird查詢
",觀塘巧明街105號好運工業大廈10樓A室, 場地面積: 600 (平方尺) ,"
 場地最高可容納人數: 18人 "
A+ Party Room,https://reubird.hk/party-room/a-plus-partyroom/IG-a-plus-partyroom,,,,
Open Parties - 雪糕房（粉）,https://reubird.hk/party-room/open-parties-pink-mk/gy-open-parties-pink-mk,"星期一至四

每位$138 / 首4小時

星期五至日

每位$158 / 首4小時

公眾假期及公眾假期前夕

每位$168 / 首4小時

注意事項

入場前會收取按金$500

如發現客人在場內吸煙、嘔吐、濺濕設施而引致額外清潔需要，該按金會作為額外清潔費，以作賠償
如情況持續多次發生有機會向客人收取多於 1 次清潔費用（$500）


以下事項如發現違規，每項會收取$500清潔費：

客人如使用 BBQ，必須離開前做好簡單清潔
如使用打邊爐，離開前需做好清洗爐具及用具
如非店員同意，客人切勿擅自更改或移動場內機器或遊戲設施
嚴禁在場內玩掟蛋糕、發放紙炮
嚴禁所有煙花和粉塵之類易燃物品進場


嚴禁在波波池 / 舞台進行飲食，如任何液體 / 飲品或食物掉入波波池 / 舞台需收取清潔費為$2000
",旺角塘尾道60-62號福康工業大廈401室, 場地面積: 300 (平方尺) ,"
 場地最高可容納人數: 15人 "
After Journey Party,https://reubird.hk/party-room/after-journey-party-room/after-journey-party-room-2465,"


星期一至四 

18:00前：每人$120 / 4小時
18:00後：每人$140 / 4小時

星期五至日、公眾假期及公眾假期前夕 ：

18:00前：每人$160 / 4小時
18:00後：每人$180 / 4小時

通宵特惠時段（23:00 - 06:00）

星期一至四：每位$200 / 整個時段
星期五至日、公眾假期 及公眾假期前夕：每位$220 / 整個時段

 
*以上所有時段，每位加$10即升級無限任飲無酒精飲品🍷🍸🍹🍺🍼


",觀塘興業街美興工業大廈A座, 場地面積: 1200 (平方尺) ,"
 場地最高可容納人數: 50人 "
Party fun18party,https://reubird.hk/party-room/18partyfunpartyroom/Kq-18partyfunpartyroom,"星期一至四：

每位$90 / 3小時
每位$110 / 4小時
每位$130 / 5小時
每位$150 / 6小時

星期五至日、公眾假期及公眾假期前夕：

每位$110 / 3小時
每位$120 / 4小時
每位$140 / 5小時
每位$160 / 6小時

貓頭鷹時段優惠（不限日子）：

00:00 - 10:00：每位$150 / 8小時
",旺角花園街2~16號好景商業中心, 場地面積: 250 (平方尺) ,"
 場地最高可容納人數: 12人 "
小房舍 Little Rooms STUDIO - The Nihonjin 主題房,https://reubird.hk/party-room/little-room-the-nihonjin/gQ_little-room-the-nihonjin," 
📌星期一至四13:00-23:00 每位 $40/hr
📌星期五及公眾假期前夕13:00-18:00 每位 $40/hr18:00-00:00 每位 $50/hr
📌星期六、星期日及公眾假期每小時 每位 $55/hr
🔻🔻🔻每間房最多容納二人🔻🔻🔻✅ 最少兩小時兩位起✅ 以上價錢已包括飲品每人一款及即影即有相片一張✅ 房間以先訂先得為準✅ 完場前15分鐘請盡量清潔及還原房間; 如超時10分鐘則以加鐘一小時計算",銅鑼灣渣甸街43A-45號人人大廈1樓, 場地面積: 110 (平方尺) ,"
 場地最高可容納人數: 4人 "
KLNvenue,https://reubird.hk/party-room/klnvenue/j2-klnvenue,"


星期一至四：

12:00 - 18:00：每位$120 / 時段內任玩
19:00 - 00:00：每位$130 / 時段內任玩
00:00 - 06:00：每位$110 / 時段內任玩

星期五至日、公眾假期及公眾假期前夕：

12:00 - 18:00：每位$130 / 時段內任玩
19:00 - 00:00：每位$140 / 時段內任玩
00:00 - 06:00：每位$120 / 時段內任玩

*另設學生優惠，詳情向ReUbird查詢


",九龍灣臨興街21號美羅中心二期, 場地面積: 500 (平方尺) ,"
 場地最高可容納人數: 25人 "
Cannon Garden Party 銅鑼灣體驗,https://reubird.hk/party-room/cannon-garden-partyroom/iXCB3s67a-cannon-garden-partyroom,"星期一至四：

11:00 - 18:00：每位$35 / 小時
最低消費8為及3小時
18:00 - 02:00：每位$45 / 小時
最低消費12位及3小時
02:00 - 06:00：每位$55 / 小時
最低消費8位及3小時

星期五至日、公眾假期及公眾假期前夕：

11:00 - 18:00：每位$45 / 小時
最低消費8為及3小時
18:00 - 02:00：每位$58 / 小時
最低消費12位及3小時
02:00 - 06:00：每位$68 / 小時
最低消費8位及3小時

備註：

超時交場15分鐘當半小時計算
超時交場30分鐘當一小時計算
",銅鑼灣景隆街3號4樓, 場地面積: 500 (平方尺) ,"
 場地最高可容納人數: 30人 "
小房舍 Little Rooms STUDIO - The Explorer 主題房,https://reubird.hk/party-room/little-room-the-explorer/go_little-room-the-explorer," 
📌星期一至四13:00-23:00 每位 $40/hr
📌星期五及公眾假期前夕13:00-18:00 每位 $40/hr18:00-00:00 每位 $50/hr
📌星期六、星期日及公眾假期每小時 每位 $55/hr
🔻🔻🔻每間房最多容納二人🔻🔻🔻✅ 最少兩小時兩位起✅ 以上價錢已包括飲品每人一款及即影即有相片一張✅ 房間以先訂先得為準✅ 完場前15分鐘請盡量清潔及還原房間; 如超時10分鐘則以加鐘一小時計算",銅鑼灣渣甸街43A-45號人人大廈1樓, 場地面積: 110 (平方尺) ,"
 場地最高可容納人數: 4人 "
KTEASY <tiffany>,https://reubird.hk/party-room/kt-easy-party-room/kt-easy-party-room-2907,"星期一至四：

每位 $90 / 3小時
每位$105 / 4小時
每位$120 / 5小時
每位$135 / 6小時
通宵優惠（00:00 - 10:00，任選8小時）：每位$120 
加鐘每位$20 / 小時

星期五至日、公眾假期及公眾假期前夕：

每位$110 / 3小時
每位 $130 / 4小時
每位 $150 / 5小時
每位 $170 / 6小時
通宵優惠（00:00 - 10:00，任選8小時）：每位$150
加鐘每位$30 / 小時

其他優惠：

10人同行1人免費
生日優惠7人同行1人免費

注意事項：

價錢以每位計算
",觀塘偉業街146號美嘉工業大廈1樓109B室, 場地面積: 350 (平方尺) ,"
 場地最高可容納人數: 15人 "
KTEASY<white>,https://reubird.hk/party-room/white/white-6301,"星期一至四：

每位$100 / 3小時
每位$115 / 4小時
每位$130 / 5小時
每位$145 / 6小時
通宵優惠（00:00 - 10:00）：每位$130 / 8小時

星期五至日、公眾假期及公眾假期前夕：

每位$120 / 3小時
每位$140 / 4小時
每位$160 / 5小時
每位$180 / 6小時
通宵優惠（00:00 - 10:00）：每位$160  / 8小時
",觀塘偉業街146號美嘉工業大廈8樓D座3室, 場地面積: 500 (平方尺) ,"
 場地最高可容納人數: 20人 "
Day & Night BBQ partyroom,https://reubird.hk/party-room/day-and-night/K2-day-and-night,"非貓頭鷹時段
星期一至五17:00前：

每位$98 / 3小時
每位$118 / 4小時
每位$138 / 5小時
最低消費8位

星期一至四17:00後：

每位$108 / 3小時
每位$138 / 4小時
每位$168 / 5小時
最低消費8位

星期五17:00後、星期六日、公眾假期及公眾假期前夕：

每位$138 / 3小時
每位$168 / 4小時
每位$198 / 5小時
每位$228 / 6小時
最低消費10位

貓頭鷹時段
星期日至四：

00:00 - 09:00：每位$138 / 5小時

星期五至六、公眾假期及公眾假期前夕：

00:00 - 09:00：每位$188 / 5小時

其他優惠

生日免費1位（需要預先通知）
學生9折
22人以上再9折
",荃灣德士古道工業中心, 場地面積: 2500 (平方尺) ,"
 場地最高可容納人數: 100人 "
Loteifong Party Room,https://reubird.hk/party-room/old-place-party-room/old-place-party-room-2820,"2 - 3人收費
星期一至四：

06:00 - 12:00：每位$22 / 小時
12:00 - 18:00：每位$32 / 小時
18:00 - 23:00：每位$35 / 小時
23:00 - 06:00：每位$168 / 6小時

星期五至日、公眾假期及公眾假期前夕：

06:00 - 12:00：每位$25 / 小時
12:00 - 18:00：每位$38 / 小時
18:00 - 23:00：每位$40 / 小時
23:00 - 06:00：每位$180 / 6小時

4 - 6人收費
星期一至四：

06:00 - 12:00：每位$20 / 小時
12:00 - 18:00：每位$25 / 小時
18:00 - 23:00：每位$30 / 小時
23:00 - 06:00：每位$132 / 6小時

星期五至日、公眾假期及公眾假期前夕：

06:00 - 12:00：每位$22 / 小時
12:00 - 18:00：每位$30 / 小時
18:00 - 23:00：每位$33 / 小時
23:00 - 06:00：每位$150 / 6小時

7人或以上收費
星期一至四：

06:00 - 12:00：每位$18 / 小時
12:00 - 18:00：每位$23 / 小時
18:00 - 23:00：每位$25 / 小時
23:00 - 06:00：每位$120 / 6小時

星期五至日、公眾假期及公眾假期前夕：

06:00 - 12:00：每位$20 / 小時
12:00 - 18:00：每位$28 / 小時
18:00 - 23:00：每位$28 / 小時
23:00 - 06:00：每位$132 / 6小時

",大角咀必發道138號恆昌中心, 場地面積: 250 (平方尺) ,"
 場地最高可容納人數: 16人 "
JAS Party&Studio,https://reubird.hk/party-room/jas-party-and-studio/jas-party-and-studio-3756,"星期一至四

09:00 - 18:00：每位$158 / 5小時
18:00 - 00:00：每位$168 / 5小時

星期五至日、公眾假期及公眾假期前夕

09:00 - 18:00：每位$168 / 5小時
18:00 - 00:00：每位$188 / 5小時

貓頭鷹時段
星期一至四

00:00 - 09:00：每位$37 / 小時

星期五至六

00:00 - 06:00：每位$198 / 6小時

星期日至四

00:00 - 06:00：每位178 / 6小時

",觀塘駿業里業運工業大廈3樓C室, 場地面積: 2500 (平方尺) ,"
 場地最高可容納人數: 130人 "
FongJai 房仔,https://reubird.hk/party-room/fong-jai/Gq-fong-jai,"星期一至四：

日 11:00 - 18:00：每位$120/4小時
夜18:00 - 23:00：每位$140/4小時
凌晨23:00 - 11:00：每位$140/8 小時
每位加$10可任飲多款飲品

五至日、公眾假期及公眾假期前夕

日 11:00 - 18:00：每位$145/4小時
夜18:00 - 23:00：每位$165/4小時
凌晨23:00 - 11:00：每位$165/8 小時
每位加$10可任飲多款飲品

 ",牛頭角偉業街越成工廠大廈, 場地面積: 100 (平方尺) ,"
 場地最高可容納人數: 6人 "
小房舍 Little Rooms STUDIO - The Grace 主題房,https://reubird.hk/party-room/little-room-the-grace/gQ2CFzIWZ-little-room,"📌星期一至四13:00-23:00 每位 $40/hr
📌星期五及公眾假期前夕13:00-18:00 每位 $40/hr18:00-00:00 每位 $50/hr
📌星期六、星期日及公眾假期全日任何時段：每小時 每位 $55/hr
🔻🔻🔻每間房最多容納二人🔻🔻🔻✅ 最少兩小時兩位起✅ 以上價錢已包括飲品每人一款及即影即有相片一張✅ 房間以先訂先得為準✅ 完場前15分鐘請盡量清潔及還原房間; 如超時10分鐘則以加鐘一小時計算",銅鑼灣渣甸街43A-45號人人大廈1樓, 場地面積: 110 (平方尺) ,"
 場地最高可容納人數: 4人 "
Miniparty Fancy,https://reubird.hk/party-room/miniparty-fancy/D2-miniparty-fancy,,旺角花園街2-16號好景商業中心, 場地面積: 200 (平方尺) ,"
 場地最高可容納人數: 8人 "
Poco party,https://reubird.hk/party-room/poco-chill-party/Da-poco-chill-party,"
<<3-6人價錢表>>

平日收費(星期一至四)$110/3小時$120/4小時$140/5小時$160/6小時
周末/假日收費(星期五至日/假日/假日前夕)$130/3小時$140/4小時$160/5小時$180/6小時
加鐘：$20/hr 丨以上價錢以人頭計算丨
 
<<2人價錢表>> 不論日子
平日收費(星期一至四)$120/3小時$140/4小時$160/5小時
加鐘：$20/hr 丨以上價錢以人頭計算丨
週末/假日收費（Fri-Sat/假日/假日前夕）$140/3小時$160/4小時$190/5小時
加鐘：$30/hr 丨以上價錢以人頭計算丨
以上價格已包飲品任飲
 
如需攜帶酒精飲品，需支付$500按金，如無嘔吐，打破玻璃，嚴重弄髒埸地情況，按金會在完埸後６小時內退回。
",旺角好景商業中心,,
Mahjong.24,https://reubird.hk/party-room/mahjong-24-party-room/mahjong-24-party-room-6428,"
早上0900-1200 $20/小時
下午1200-1800 $25/小時
晚上1800-2400 $30/小時

時數回贈
3小時 每人減少$10
4小時 每人減少$15
5小時 每人減少$20
6小時 每人減少$35
7小時 每人減少$50
8小時 每人減少$65
9小時 每人減少$80
 ",新蒲崗大有街旺景工業大廈D座9樓29室, 場地面積: 400 (平方尺) ,"
 場地最高可容納人數: 20人 "
The Playdium,https://reubird.hk/party-room/the-playdium/GM-the-playdium,"正價

每位$128 / 3小時

優惠時段

10:00 - 18:00：每位$128 / 整個時段
19:00 - 23:00：每位$148 / 整個時段
23:30 - 08:30：每位$138 / 整個時段
",觀塘巧明街109號榮昌工業大廈, 場地面積: 1100 (平方尺) ,"
 場地最高可容納人數: 35人 "
玩樂無窮PLAY-HARDER Party Room,https://reubird.hk/party-room/play-harder-party-room/play-harder-party-room-2821,"​包場價格包場人數8-20人
平日優惠（星期一至四）10：00AM - 8：00PM每位 ＄118元／三小時 ​8：00PM - 12：00AM每位 ＄138元／三小時 12：00AM - 10：00AM​​每位＄45 ／ 一小時 **最低消費3小時／8個成人**---------------------------------------------------------------------------------------------假日優惠（星期五、六、日及公眾假期)10：00AM - 8：00PM每位 ＄138元／三小時 8：00PM - 12：00AM每位 ＄158元／三小時 12：00AM - 10：00AM​​每位＄50／一小時**最低消費3小時／10個成人**​價格已包每人兩包紙包飲品，客人可加每人＄10轉無限暢飲
 
***為提供良好嘅租場體驗，客人係ᴘʟᴀʏ ʜᴀʀᴅᴇʀ第一次租場，將會有1-2位同事睇場☺️但是，客人亦可於租場時提出不需要睇場同事的幫忙，並支付$1000按金😉職員收場檢查後，確認沒有問題，便會即時退回$1000按金😊•任何不便之處，還望見諒🙇🏻‍♂️🙇🏻‍♀️​",新界元朗安樂路109號－111號 安樂工業大廈, 場地面積: 1550 (平方尺) ,"
 場地最高可容納人數: 25人 "
FreeMaker Party Room - 觀塘,https://reubird.hk/party-room/freemaker-party-room-kwun-tong/freemaker-party-room-kwun-tong-6410,"星期一至四：

09:00 - 18:00：每位$90 / 首3小時，其後每位$25 / 小時
18:00 - 23:00：每位$100 / 首3小時，其後每位$30 / 小時
23:00 - 09:00：每位$180 / 整個時段

學生優惠（需半數出示學生證）：

24人或以下：$2500 / 5小時
25人或以上：$3000 / 5小時

備註：

星期五至日、公眾假期及公眾假期前夕收費另加10%
0-2歲免費；3-11歲半價
半數出示學生證，全單9折
",觀塘 成業街 成業工業大廈, 場地面積: 1000 (平方尺) ,"
 場地最高可容納人數: 40人 "
Miniparty Royal,https://reubird.hk/party-room/miniparty-royal/miniparty-royal-6356,"收費按房間計算，不按人數計。
",觀塘偉業街146號美嘉工業大廈, 場地面積: 350 (平方尺) ,"
 場地最高可容納人數: 10人 "
圍威喂 Party,https://reubird.hk/party-room/right-x3-party/IQ30c3gxZ-right-x3-party,"星期一至星期四 

10:00 - 18:00：每人$98 / 4小時


18:00 - 00:00：每人$138 / 3小時每人$158 / 4小時
通宵時段須在 ReUbird 網上查詢後額外報價

星期五至星期日&公眾假期及前夕

10:00 - 00:00：每人$158 / 3小時每人$178 / 4小時
通宵時段須在 ReUbird 網上查詢後額外報價

 
小童收費

0 -  2歲嘅BB一律免費
3 - 10歲嘅小朋友半價
11歲以上全價
",鴻圖道12號精棉工業大廈 , 場地面積: 2300 (平方尺) ,"
 場地最高可容納人數: 60人 "
Fanling Hideout,https://reubird.hk/party-room/fanling-hideout-ss-fl/gS-fanling-hideout-ss-fl,"
所有時段包場$100 / 小時
",粉嶺粉嶺樓1號K, 場地面積: 700 (平方尺) ,"
 場地最高可容納人數: 20人 "
8090 Premium Party Room,https://reubird.hk/party-room/8090-premium-partyroom/IQ3nie9CBp-8090-premium-partyroom," 派對租用：

每位$158 / 4小時
包括獨享場內所有設施、飲品任飲（多款汽水及包裝飲品)）、提供杯及餐具

 寵物派對：

每位$198 / 4小時
包括一位成人及寵物、飲品任飲（多款汽水及包裝飲品） 、提供杯及餐具
包括獨享場內所有設施、飲品任飲（多款汽水及包裝飲品）、提供杯及餐具
",觀塘觀塘道448-458號官塘工業中心3期, 場地面積: 1000 (平方尺) ,"
 場地最高可容納人數: 40人 "
Chill Grill BBQ Party Room：一邊BBQ，一邊Party！,https://reubird.hk/party-room/chill-grill-bbq-party-room/go-chill-grill-bbq,"星期一至四

每位$148 / 4小時

星期五至日、公眾假期及公眾假期前夕

每位$178 / 4小時
",荃灣沙咀道榮豐工業大廈, 場地面積: 3000 (平方尺) ,"
 場地最高可容納人數: 60人 "
La Casa Partyroom,https://reubird.hk/party-room/la-casa/ZM-la-casa,"🌱齊心抗疫價 🌱
星期一至日：每個鐘每人都只係$3️⃣8️⃣炸‼️
⚠️：請注意以上優惠只適用於4人或以上，而最低消費為4小時起。
 
🌱 全港中小學生優惠 🌱
星期一至五 12:00 - 18:00 🕑：每人$1️⃣2️⃣0️⃣/ 6小時
（不包括公眾假期及 必須出示學生證 👧🏻👦🏻）
⚠️：請注意以上優惠只適用於4人或以上
 
🌱 貓頭鷹🦉優惠 🌱
星期一至日（0000-0800）：每人只需要$1️⃣8️⃣0️⃣就可以齊齊happy齊齊玩通頂‼️
⚠️：請注意以上優惠只適用於4人或以上
 
附加收費💰💰💰

臨時加鐘：每位 $38/hr
任飲無酒精飲品： 每位 $10  （全場Follow IG即free 野飲!!!）
生日HAPPY BIRTHDAY氣球裝飾： $30 （已包佈置）
請保持場地及設施清潔。如有弄污，將會收取港幣500元正。
場內嚴禁吸煙。一經發現，需收取 港幣1000元正。

 ",長沙灣永康街55號金百盛中心, 場地面積: 834 (平方尺) ,"
 場地最高可容納人數: 30人 "
Winterthur Party,https://reubird.hk/party-room/winter-thur-party-room/winter-thur-party-room-3085,"1 - 3人收費
星期一至四：

08:00 - 13:00：每位$30 / 小時（最低消費為３小時）
13:00 - 22:00：每位$40 / 小時（最低消費為３小時）
22:00 - 08:00：每位$173 / 7小時；每位$203 / 整個時段

星期五至日、公眾假期及公眾假期前夕：

08:00 - 13:00：每位$35 / 小時（最低消費為３小時）
13:00 - 22:00：每位$45 /小時（最低消費為３小時）
22:00 - 08:00：每位$183 / 7小時；每位$218 / 整個時段

4人或以上收費
星期一至四：

08:00 - 13:00：每位$20 / 小時（最低消費為３小時）
13:00 - 22:00：每位$25 / 小時（最低消費為３小時）
22:00 - 08:00：每位$138/任選7小時；每位$168 / 整個時段

星期五至日、公眾假期及公眾假期前夕：

08:00 - 13:00：每位$25 / 小時（最低消費為３小時）
13:00 - 22:00：每位$30 / 小時（最低消費為３小時）
22:00 - 08:00：每位$148 / 7小時；每位$178 / 整個時段
",旺角煙廠街9號興發商業大廈, 場地面積: 192 (平方尺) ,"
 場地最高可容納人數: 8人 "
Ins Funparty,https://reubird.hk/party-room/ins-funparty/ins-funparty-3769,"星期一至四
$ 100/3小時
$120/4小時
$ 140/5小時
$ 160/6小時
 
星期五至日、公眾假期及公眾假期前夕
$ 110/3小時
$ 130/4小時
$ 150/5小時
$ 170/6小時
以上價錢以每位人頭計
 
過夜優惠（00：00〜11：00 每8小時）
每位 $160
包飲品任飲🥤🥤🥤",旺角商業中心, 場地面積: 350 (平方尺) ,"
 場地最高可容納人數: 16人 "
Miranda. M Party House,https://reubird.hk/party-room/miranda-m-party-house/go_miranda-m-party-house,,,,
Is_But partyroom,https://reubird.hk/party-room/m/m-3510,"星期一至四5點前 （公眾假期除外）6位起3小時 - $88/位4小時 - $108位5小時 - $128/位6小時 -  $148/位
*加鐘每小時加$20/位
星期一至四5點後 （公眾假期除外）8位起3小時 - $108/位4小時 - $138/位5小時 - $168/位
*加鐘每小時加$30/位
 
星期五至六、公眾假期及公眾假期前夕  8位起3小時 - $138/位4小時 - $168/位5小時 - $198/位
*加鐘每小時加$30/位
貓頭鷹時段  8位起星期日至四 $138/位星期五至六 $188/位23:30pm-07:00am[自選5小時]
*壽星1人免費 (需要提前通知)* 學生85折* 20人以上再9折*以上優惠可同時使用",荃灣橫龍街興盛工業大廈4樓Q室, 場地面積: 2400 (平方尺) ,"
 場地最高可容納人數: 50人 "
Miniparty Major,https://reubird.hk/party-room/mini-party-major/gQ6AudXyT-mini-party-major,,觀塘偉業街146號美嘉工業大廈, 場地面積: 350 (平方尺) ,"
 場地最高可容納人數: 10人 "
AMPM Party Room,https://reubird.hk/party-room/ampm-partyroom/ampm-partyroom-2253,"星期一至四

00:00 - 12:00：每位$20 / 小時
12:00 - 18:00：每位$30 / 小時
18:00 - 00:00：每位$35 / 小時
00:00 - 08:00：每位$140 / 8小時
最低消費4小時及10人同行
飲品每位加$10任飲

星期五至日、公眾假期及公眾假期前夕

00:00 - 12:00：每位$25 /小時
12:00 - 18:00：每位$35 /小時
18:00 - 00:00：每位$38 /小時
00:00 - 08:00：每位$180 / 8小時
最低消費4小時及15人同行
飲品每位加$10任飲
",觀塘成業街19-21號成業工業大廈1樓10室, 場地面積: 954 (平方尺) ,"
 場地最高可容納人數: 30人 "
Union Station Party Room,https://reubird.hk/party-room/union-station/GX53gg6cZ-union-station,"星期一至四

任何時段 4小時︰每位$140
任何時段 6小時︰每位$170 
若下午5點前交場，可訂3小時︰每位$105
最低消費人數為8位

星期五至日、公眾假期及公眾假期前夕

任何時段 4小時︰每位$170
任何時段 6小時︰每位$200
最低消費人數為10位（可商議）

 
*可透過ReUbird查詢更長時段，價錢可再商議*",九龍長沙灣青山道489-491號香港工業中心C座九樓11室, 場地面積: 1600 (平方尺) ,"
 場地最高可容納人數: 50人 "
小房舍 Little Rooms STUDIO - The Industrialist 主題房,https://reubird.hk/party-room/little-room-the-industrialist/gc_little-room-the-industrialist," 
📌星期一至四13:00-23:00 每位 $40/hr
📌星期五及公眾假期前夕13:00-18:00 每位 $40/hr18:00-00:00 每位 $50/hr
📌星期六、星期日及公眾假期每小時 每位 $55/hr
🔻🔻🔻每間房最多容納二人🔻🔻🔻✅ 最少兩小時兩位起✅ 以上價錢已包括飲品每人一款及即影即有相片一張✅ 房間以先訂先得為準✅ 完場前15分鐘請盡量清潔及還原房間; 如超時10分鐘則以加鐘一小時計算",銅鑼灣渣甸街43A-45號人人大廈1樓, 場地面積: 110 (平方尺) ,"
 場地最高可容納人數: 4人 "
Imini -灣仔1700尺Party Room + 户外 BBQ（雨天亦可）,https://reubird.hk/party-room/imini-party/j2-imini-party,"7月優惠
平日（星期一至四）6pm前離場低至$100/4小時 星期五6pm後、假日及假期前夕 $130/4小時（加鐘每小時$35 最低消費$350）
由現在起至7月底人數BBQ套餐 開爐費減$200*** 另設有全包4小時BBQ 套餐供選擇
 
8月優惠
20人或以上正價人頭費9折優惠 （不適用於6 點前時段）
*📌📌舊客繼續9折優惠（適用於20人以下）
 
平日星期一至四6pm前最低消費$800
星期一至四6pm後、星期五、假期及假期前夕6pm後最低消費$1000
 
 ",灣仔譚臣道114號廣亞大廈10字樓, 場地面積: 1700 (平方尺) ,"
 場地最高可容納人數: 50人 "
Unicorn partyroom (荃灣分店）,https://reubird.hk/party-room/tsuenwan-unicorn/ZM-tsuenwan-unicorn,"非貓頭鷹時段 
星期一至五17:00前：

每位$88 / 3小時
每位$108 / 4小時
每位$128 / 5小時
每位$148 / 6小時
最低消費6位

星期一至四17:00後：

每位$108 / 3小時
每位$138 / 4小時
每位$168 / 5小時
最低消費6位

星期五17:00後、星期六日、公眾假期及公眾假期前夕：

每位$138 / 3小時
每位$168 / 4小時
每位$198 / 5小時
最低消費8位

貓頭鷹時段
星期日至四：

00:00 - 07:00：每位$138 / 5小時

星期五至六、公眾假期及公眾假期前夕：

00:00 - 07:00：每位$188 / 5小時

其他優惠

生日1位免費
",荃灣柴灣角街銓通工業大廈, 場地面積: 1600 (平方尺) ,"
 場地最高可容納人數: 55人 "
Party Huh - Party Room & Studio,https://reubird.hk/party-room/party-huh/K2-party-huh,"星期一至五

09:00 - 18:00：每位$80 / 3小時
不設學生優惠

星期一至四

18:00 - 00:00：每位$99 / 3小時
00:00 - 06:00：每位$208 / 6小時
不設學生優惠

星期五

18:00 - 00:00：每位$148 / 3小時
00:00 - 06:00：每位$208 / 6小時

星期六日、公眾假期及公眾假期前夕

09:00 - 00:00：每位$148 / 3小時
00:00 - 06:00：每位$208 / 6小時

其他：

所有時段最低消費為10位成人
65歲以上長者半價
持有效學生證者可減$20人頭費
最多可容納50人


 
",觀塘駿業里8號世貿大樓6樓603室, 場地面積: 1500 (平方尺) ,"
 場地最高可容納人數: 50人 "
圍威喂 Party — 睡夢世界,https://reubird.hk/party-room/right-right-right-party-dream-world/right-right-right-party-dream-world-2371,"星期一至星期四 

10:00 - 18:00：每人$98 / 4小時


18:00 - 00:00：每人$138 / 3小時每人$158 / 4小時
通宵時段須在 RreUbid 網上查詢後額外報價

星期五至星期日&公眾假期及前夕

10:00 - 00:00：每人$158 / 3小時每人$178 / 4小時
通宵時段須在 ReUbird 網上查詢後額外報價

 
小童收費

0 -  2歲嘅BB一律免費
3 - 10歲嘅小朋友半價
11歲以上全價
",鴻圖道12號精棉工業大廈 , 場地面積: 300 (平方尺) ,"
 場地最高可容納人數: 50人 "
La Fiesta Party,https://reubird.hk/party-room/la-fiesta-party-room/la-fiesta-party-room-2266,"二至三人價錢
星期一至四

每位 $140 / 3小時
每位 $160 / 4小時
每位 $180 / 5小時
加鐘：每位$25 / 小時

星期五至日及公眾假期

每位 $150 / 3小時
每位 $170 / 4小時
每位 $190 / 5小時
加鐘：每位$25 / 小時

四人起價錢
星期一至四

每位 $100 / 3小時
每位 $120 / 4小時
每位 $140 / 5小時
加鐘：每位$20 / 小時

星期五至日、公眾假期、公眾假期前夕

每位 $120 / 3小時
每位 $140 / 4小時
每位 $160 / 5小時
加鐘：每位$30 / 小時
",好景商業中心, 場地面積: 250 (平方尺) ,"
 場地最高可容納人數: 16人 "
Think Big Party Room,https://reubird.hk/party-room/think-big-party-room/think-big-party-room-6471,,觀塘 興業街16-18號 美興工業大廈 B座 4樓, 場地面積: 2700 (平方尺) ,"
 場地最高可容納人數: 50人 "
Daily Party Room,https://reubird.hk/party-room/daily-party-room/daily-party-room-6505,"星期一至四

00:00 - 18:00：每位$20 / 小時
18:00 - 00:00：每位$30 / 小時
00:00 - 09:00：每位$20 / 小時；每位$120 / 9小時
*加鐘依時段價錢收費

星期五至日、公眾假期及公眾假期前夕

09:00 - 18:00：每位$30 / 小時
18:00 - 00:00：每位$35 / 小時
00:00 - 09:00：每位$30 / 小時；每位$140 / 9小時
*加鐘依時段價錢收費


 ",旺角百寶利商業中心, 場地面積: 300 (平方尺) ,"
 場地最高可容納人數: 14人 "
Party Fun Galaxy 銀河房,https://reubird.hk/party-room/partyfun-galaxy/ny-partyfun-galaxy,"星期一至四：

10:00 - 18:00：每位 $11 / 4小時
19:00 - 00:00：每位 $118 / 4小時
00:00 - 06:00：每位 $145 / 4小時
最低消費 4 位

星期五至日、公眾假期及公眾假期前夕：

10:00 - 18:00：每位 $118 / 4小時
19:00 - 00:00：每位 $128 / 4小時
00:00 - 06:00：每位 $150 / 4小時
最低消費 4 位

 
*生日優惠10位免費送1位
*特別時段包場另議",九龍 旺角 登打士街43D號 達利商業大廈 4/F A室, 場地面積: 450 (平方尺) ,"
 場地最高可容納人數: 25人 "
Hula hoops 呼拉圈 Partyroom,https://reubird.hk/party-room/hula-hoops-party-room-partyroom/GG3i6eBrT-hula-hoops-party-room-partyroom,"1. 非貓頭鷹時段：23:30前
 
星期一至五18:00前：

每位$138 / 4小時
加鐘每位$30 / 小時
凡出示學生證可享每位$99 / 4小時優惠
最低消費4位
額外清潔費$200 - $500

星期五18:00後、星期六日、公眾假期及公眾假期前夕：

每位$148 / 3小時
每位$158 / 4小時
加鐘每位$35 / 小時
最低消費4位
額外清潔費$200 - $500

2. 貓頭鷹時段：23:30後

每位$178 / 8小時
額外清潔費$200 - $500
",荔枝角好運工業中心, 場地面積: 1200 (平方尺) ,"
 場地最高可容納人數: 50人 "
Rally point,https://reubird.hk/party-room/rally-point/Dr-rally-point,"星期一至四：

每位$180 / 5小時
無酒精類飲品任飲
最低消費人數：13人
最低消費金額：$2340

星期五至日、公眾假期及公眾假期前夕：

每位$200 / 5小時
無酒精類飲品任飲
最低消費人數：13人
最低消費金額：$2600

備註：

可以自帶酒精飲品及食物，不另設收費，客人需要自行清理垃圾
如下一節另有客人預訂，未必能安排加時
預訂不設退款或更改，可留作下次使用
Rally point 保留最終決定權
",荃灣柴灣角街83-93號榮興工業大廈4樓11室, 場地面積: 1000 (平方尺) ,"
 場地最高可容納人數: 35人 "
小房舍 Little Rooms STUDIO - The Kingsman 主題房,https://reubird.hk/party-room/little-room-the-kingsman/Go_little-room-the-kingsman," 
📌星期一至四13:00-23:00 每位 $40/hr
📌星期五及公眾假期前夕13:00-18:00 每位 $40/hr18:00-00:00 每位 $50/hr
📌星期六、星期日及公眾假期全日每小時 每位 $55/hr
🔻🔻🔻每間房最多容納二人🔻🔻🔻✅ 最少兩小時兩位起✅ 以上價錢已包括飲品每人一款及即影即有相片一張✅ 房間以先訂先得為準✅ 完場前15分鐘請盡量清潔及還原房間; 如超時10分鐘則以加鐘一小時計算",銅鑼灣渣甸街43A-45號人人大廈1樓, 場地面積: 110 (平方尺) ,"
 場地最高可容納人數: 4人 "
Smart Party Room,https://reubird.hk/party-room/smart-party-room/smart-party-room-6412,"
12:00 - 18:00：每位$50 / 小時
19:00 - 00:00：每位$50 / 小時
00:00 - 07:00：每位$400 / 12小時
最低消費3小時及8位成人
10人起包大廳；15人可包全場
",觀塘工業中心二期, 場地面積: 2300 (平方尺) ,"
 場地最高可容納人數: 60人 "
Homemade Party Room,https://reubird.hk/party-room/homemade-party-room/IoIi9RD_B_homemade-party-room,"非貓頭鷹時段：09:00 - 00:00
星期一至四：

每位$138 / 4小時

星期五至日、公眾假期及公眾假期前夕：

每位$138 / 3小時

貓頭鷹時段：00:00 - 09:00
星期二至五：

每位$168 / 整個時段

星期六、日、一、公眾假期及公眾假期前夕：

每位$198 / 整個時段

備註：

非酒精紙包飲品每位加 $20元
",觀塘毅力工業中心13樓B室, 場地面積: 900 (平方尺) ,"
 場地最高可容納人數: 25人 "
Lazy Home Party Room,https://reubird.hk/party-room/lazy-home-party-room/lazy-home-party-room-3642,"星期一至四：

每位$128 / 3小時
滿3小時額外送1小時

星期五至日、公眾假期及公眾假期前夕：

每位$148 / 3小時
滿3小時額外送1小時
",開聯工業中心, 場地面積: 800 (平方尺) ,"
 場地最高可容納人數: 30人 "
To.moroo Party Room,https://reubird.hk/party-room/to-moroo-party-room-and-studio/to-moroo-party-room-and-studio-6532,"星期一至四：

08:00 - 17:00：每位$168 / 4小時
17:00 - 00:00：每位$188 / 4小時
00:00 - 08:00：每位$208 / 8小時

星期五至日、公眾假期及公眾假期前夕：

08:00 - 17:00：每位$188 / 4小時
17:00 - 00:00：每位$208 / 4小時
00:00 - 08:00：每位$228 / 8小時
",新界葵芳葵德街16號金德工業大廈, 場地面積: 1250 (平方尺) ,"
 場地最高可容納人數: 30人 "
JT Lounge Party Room,https://reubird.hk/party-room/jt-lounge-party-room/jt-lounge-party-room-6413,"星期一至四08:00 - 12:00：每位$20 /小時12:00 - 18:00：每位$30 /小時18:00 - 00:00：每位$36 /小時
星期五、六、日08:00 - 12:00：每位$25 /小時12:00 - 18:00：每位$36 /小時18:00 - 00:00：每位$38 /小時
通宵價（00:00 - 08:00) ：每位$188 /全時段",九龍觀塘成業街成運工業大廈, 場地面積: 800 (平方尺) ,"
 場地最高可容納人數: 35人 "
Buddy Buddies Party Room,https://reubird.hk/party-room/buddy-buddies/np-buddy-buddy-home,"星期一至四：

每位$108 / 3小時

星期五至日、公眾假期及公眾假期前夕：

每位$138 / 3小時
",觀塘道404時運工業大廈10e, 場地面積: 1250 (平方尺) ,"
 場地最高可容納人數: 75人 "
Sharp Party 霎。派對,https://reubird.hk/party-room/sharp-party-room/sharp-party-room-2378,"


星期一至四 （最低消費3小時 及6人）

07:00 - 18:00：每位$30 / 小時
18:00 - 00:00：每位$35 / 小時
00:00 - 07:00：每位$200 / 整個時段

星期五至日、公眾假期及公眾假期前夕（最低消費4小時及6人）

07:00 - 18:00：每位$35 / 小時
18:00 - 00:00：每位$40 / 小時
00:00 - 07:00：每位$240 / 整個時段

其他：
  *如選擇時間是跨越兩個時段，本公司會收取較高時段的價格
  *任飲每位$5 / 小時


",荃灣西樓角青山公路459號華力工業中心, 場地面積: 900 (平方尺) ,"
 場地最高可容納人數: 20人 "
Bachino Party - Jasmine,https://reubird.hk/party-room/bachino-party-room/bachino-party-room-3377,"3人或以上收費：




 
星期一至四
星期五至日、公眾假期及公眾假期前夕


08:00 - 18:00
每位$80 / 3小時
每位$100 / 3小時


18:00 - 00:00
每位$90 / 3小時
每位$110 / 3小時


22:00 - 08:00
每位$70 / 4小時
/


每位$100 / 7小時
每位$120 / 7小時


每位$130 / 10小時
每位$150 / 10小時




 
2人收費：




 
星期一至四
星期五至日、公眾假期及公眾假期前夕


08:00 - 18:00
每位$100 / 3小時
每位$120 / 3小時


18:00 - 00:00
每位$110 / 3小時
每位$130 / 3小時


22:00 - 08:00
每位$90 / 4小時
/


每位$120 / 7小時
每位$140 / 7小時


每位$150 / 10小時
每位$170 / 10小時




 ",荃灣白田壩街信義工業大廈8樓（近南豐紗廠）, 場地面積: 110 (平方尺) ,"
 場地最高可容納人數: 8人 "
Adelaide Partyroom,https://reubird.hk/party-room/adelaide/eA0Ci38db-_adelaide,"非貓頭鷹時段 ：09:00 - 00:00

星期一至四：每位$138 / 4小時
星期五至日、公眾假期及公眾假期前夕：每位$138 / 3小時
非酒精飲品每位加$20元

貓頭鷹時段：00:00 - 09:00

星期二至五：每位$168 / 整個時段
星期六、日、一、公眾假期及公眾假期前夕：每位$198 / 整個時段
非酒精飲品每位加$20元
",觀塘巧明工廠大廈9樓C2, 場地面積: 300 (平方尺) ,"
 場地最高可容納人數: 16人 "
Mapspace,https://reubird.hk/party-room/mapspace/j2-mapspace,"

成人入場收費
星期一至四

日間時段（09:00 - 17:30）：每位$130/4小時
夜間時段（18:00 - 23:30）：每位$160/4小時
深夜時段（00:00 - 06:00）：每位$180/6小時

星期五至日、公眾假期及公眾假期前夕

日間時段（09:00 - 17:30）：每位$160/4小時
夜間時段（18:00 - 23:30）：每位$180/4小時
深夜時段（00:00 - 06:00）：每位$200/6小時

 

",葵芳大連排道144號金豐工業大廈,,
Alpha Party Room,https://reubird.hk/party-room/alpha-party-room/alpha-party-room-3639,"星期一至四、星期五(6pm前) ： 

每位$25 /小時 

 
星期五(6pm後) 、六、日、假日及假日前夕： 

每位$35 /小時 

 
通宵時段 (凌晨00:00至中午12:00) 劃一收費 

每位$25 /小時 

 ",觀塘 觀塘道396號 毅力工業中心, 場地面積: 600 (平方尺) ,"
 場地最高可容納人數: 16人 "
Auxano House 微微工房,https://reubird.hk/party-room/auxano-house/iXIlNAqZ-auxano-house,"日光時段 (18:00前離場）

每位$108 / 3小時
加鐘$38 / 小時

黃金時段 (18:00後離場）

每位$128 / 3小時
加鐘$38 / 小時，午夜起$48 /小時

包場封頂價 ｜Flat Rate（劃一場租、任何日子、不限時段、不計人頭）

$3,500 / 4小時
加鐘$600 / 小時
最低消費：10人或等同消費

注意事項

毛孩入場每隻$38
",荔枝角青山道608號榮吉工業大廈A座503室 , 場地面積: 1000 (平方尺) ,"
 場地最高可容納人數: 40人 "
The Pink Garden Party Room,https://reubird.hk/party-room/the-pink-garden-party-room/the-pink-garden-party-room-3373,"星期一至四：

每位$128 / 3小時
臨時加鍾每位$ 38/ 小時
每位加$15蚊可任飲無酒精飲品

星期五至日公眾假期及公眾假期前夕：

每位$148 / 3小時
臨時加鍾每位$48 / 小時
每位加$15蚊可任飲無酒精飲品

影相收費

$300 / 小時
 
只限於星期一至四及星期五17:00前離開
",九龍灣宏光道8號創豪坊, 場地面積: 1000 (平方尺) ,"
 場地最高可容納人數: 20人 "
轉數塊,https://reubird.hk/party-room/fps-party-room/fps-party-room-6436,"星期一至四 

08:00 - 16:00：每位$20 / 小時
16:00 - 23:00：每位$30 / 小時
23:00 - 08:00：每位$25 / 小時

星期五至日、公眾假期及公眾假期前夕

08:00 - 16:00：每位$25 / 小時
16:00 - 23:00：每位$35 / 小時
23:00 - 08:00：每位$30 / 小時
",官塘道436-446號官塘工業中心4期11樓C6室, 場地面積: 350 (平方尺) ,"
 場地最高可容納人數: 20人 "
Party Fun House Moment,https://reubird.hk/party-room/house-moment-party-fun/ioRnydTeda-house-moment-party-fun,"早午：11：00-18:00 

星期一至五：每位$ 128/4小時 
最少4位
星期六至日，公眾假期：每位$ 158/4小時
最少4位

晚上：18：00-00:00

星期一至四：每位$ 128/4小時 
最少4位
星期五至日，公眾假期：每位$ 158/4小時
最少4位

貓頭鷹貓頭鷹：23：00-07:00 

星期一至四：每位$ 198/8小時 
星期五至1，假期前夕及公眾假期：每位$ 238/8小時
最少4位起
需預繳場地清潔按金$500

♦特別預算包場另議♦
*如攜帶外來飲品或自行訂到會，請事前通知我們。*所有遊樂設施全包*保證不會與其他人共享，可自由出入",荔枝角青山道608號榮吉工業大廈A座7樓705A室, 場地面積: 600 (平方尺) ,"
 場地最高可容納人數: 25人 "
Onestop Partyroom,https://reubird.hk/party-room/onestop-partyhouse/GQ-onestop-partyhouse,"星期一至四 ：
1. 09:00 - 18:00：

每人$120 / 4小時
每人$160 / 6小時

2. 18:00 - 00:00：

每人$120 / 4小時 

3. 長鐘優惠： 18:00 - 09:00（15小時） 

每人$240

 
星期五至日、公眾假期及公眾假期前夕：
1. 09:00 - 18:00：

每人$160 / 4小時
每人$200 / 6小時

2. 18:00 - 00:00：

每人$160 / 4小時

3. 長鐘優惠： 18:00 - 09:00（15小時）

每人$280
",荔枝角青山道500號百美工業大廈, 場地面積: 800 (平方尺) ,"
 場地最高可容納人數: 35人 "
White House Party Room,https://reubird.hk/party-room/white-house-party-room/white-house-party-room-7422,"星期一至四：

09:00 - 18:00：每位$118 / 3小時
18:00 - 00:00：每位$128/3小時
00:00 - 09:00：每位$238 / 8小時

星期五至日、公眾假期及公眾假期前夕：

09:00 - 00:00：每位$148 / 3小時
00:00 - 09:00：每位$238 / 8小時

 
‼️人數越多優惠越多‼️",九龍長沙灣長沙灣道光昌街鴻昌工廠大廈, 場地面積: 1500 (平方尺) ,"
 場地最高可容納人數: 60人 "
Shell Party Room,https://reubird.hk/party-room/shell-party-room/shell-party-room-2930,"星期一至日、公眾假期及公眾假期前夕

11:00 - 17:00 每位$128 / 6小時
17:00 - 00:00 每位$138 / 6小時
00:00 - 09:00 每位$168 / 9小時


 ",觀塘榮業街海濱工業大廈3樓D205室, 場地面積: 300 (平方尺) ,"
 場地最高可容納人數: 12人 "
ACT Zone,https://reubird.hk/party-room/act-zone-party-room-partyroom/IpdIBB66T-act-zone-party-room-partyroom,"星期一至四


18:00前︰每位$30 / 小時
18:00後︰每位$35 / 小時
最低消費6位



星期五至日、公衆假期及公衆假期前夕

18:00前︰每位$40 / 小時
18:00後︰每位$45 / 小時
最低消費6位



 
*收費包括享用場內娛樂設施，場內罐裝汽水及紙包飲品任飲*
*請小心享用場內設施，如有損壞或弄污，按程度收取維修費或清潔費*
",銅鑼灣謝斐道528號3/F (唐四樓), 場地面積: 700 (平方尺) ,"
 場地最高可容納人數: 25人 "
Partyroom Andyroom 荔枝角長沙灣 Party Room,https://reubird.hk/party-room/partyroom-andyroom/IS-partyroom-andyroom,,,,
The White Party + BBQ Place,https://reubird.hk/party-room/the-white-place/jp-the-white-place,每位$48/小時,,,
Acoustic Party Room,https://reubird.hk/party-room/acoustic-partyroom/IQ-acoustic-partyroom,"2人收費
星期一至四：

08:00 - 17:00：每位$38 / 小時
17:00 - 23:00：每位$45 / 小時
23:00 - 06:00：每位$180 / 整個時段

星期五至日、公眾假期及公眾假期前夕：

08:00 - 17:00：每位$40 / 小時
17:00 - 23:00：每位$50 / 小時
23:00 - 06:00：每位$210 / 整個時段

3 - 4人收費
星期一至四：

08:00 - 17:00：每位$33 / 小時
17:00 - 23:00：每位$40 / 小時
23:00 - 06:00：每位$160 / 整個時段

星期五至日、公眾假期及公眾假期前夕：

08:00 - 17:00：每位$35 / 小時
17:00 - 23:00：每位$45 / 小時
23:00 - 06:00：每位$180 / 整個時段

5 - 8人收費
星期一至四：

08:00 - 17:00：每位$28 / 小時
17:00 - 23:00：每位$35 / 小時
23:00 - 06:00：每位$148 / 整個時段

星期五至日、公眾假期及公眾假期前夕：

08:00 - 17:00：每位$30 / 小時
17:00 - 23:00：每位$40 / 小時
23:00 - 06:00：每位$160 / 整個時段

抗疫期間優惠

通宵時段改為23:00 - 09:00，每位$14.8 / 小時

 ",旺角好景商業大廈12樓1208室, 場地面積: 150 (平方尺) ,"
 場地最高可容納人數: 6人 "
BaChino Party - Flamingo,https://reubird.hk/party-room/bachino-party-flamingo/bachino-party-flamingo-3751,"3人或以上收費：




 
星期一至四
星期五至日、公眾假期及公眾假期前夕


08:00 - 18:00
每位$80 / 3小時
每位$100 / 3小時


18:00 - 00:00
每位$90 / 3小時
每位$110 / 3小時


22:00 - 08:00
每位$70 / 4小時
/


每位$100 / 7小時
每位$120 / 7小時


每位$130 / 10小時
每位$150 / 10小時




 
2人收費：




 
星期一至四
星期五至日、公眾假期及公眾假期前夕


08:00 - 18:00
每位$100 / 3小時
每位$120 / 3小時


18:00 - 00:00
每位$110 / 3小時
每位$130 / 3小時


22:00 - 08:00
每位$90 / 4小時
/


每位$120 / 7小時
每位$140 / 7小時


每位$150 / 10小時
每位$170 / 10小時




 ",荃灣白田壩街信義工業大廈6樓（近南豐紗廠）, 場地面積: 120 (平方尺) ,"
 場地最高可容納人數: 8人 "
Penthouse Deluxe,https://reubird.hk/party-room/penthouse-party-partyroom/GQmhbIzdZ-penthouse-party-partyroom,"1. 室內
星期日至四

每位$200 / 5小時
無酒精類飲品任飲
最低消費15位

星期五六、公眾假期及公眾假期前夕

每位 $230 / 5小時
無酒精類飲品任飲
最低消費20位

2. 室內+天台
 星期一至日、公眾假期及公眾假期前夕

每位$380 / 5小時
包BBQ食物
無酒精類飲品任飲
星期日至四：最低消費15位
星期五六、公眾假期及公眾假期前夕：最低消費20位
",觀塘駿業街41號日昇亞太中心19樓01室, 場地面積: 2600 (平方尺) ,"
 場地最高可容納人數: 80人 "
At Twenty Two Party,https://reubird.hk/party-room/at-22-party/Z2-at-22-party,,,,
Skyland Partyroom,https://reubird.hk/party-room/likes_partyroom/fLEX3OhTI-_likes_partyroom,"星期一至四：

每位$110 / 3小時
其後加鐘每位$30 / 小時

星期五至日、公眾假期及公眾假期前夕：

每位$130 / 3小時
其後加鐘$40 / 小時
",荃運工業中心一期, 場地面積: 1000 (平方尺) ,"
 場地最高可容納人數: 20人 "
La Porte Reunion Party Room,https://reubird.hk/party-room/LaPorte-reunion/LaPorte-reunion-2198,"1. 私人聚會（只限8位speical包場）
 星期一至五

0900 - 2200：包場 $590 / 小時
如預約時間於早上9時前及晚上10時後需額外收取附加費，每小時 + $100（不限人數)
最低消費2小時；場租包8位費用，如超出8人，額外客人每位收費 $65 / 小時
場地不設預早進場，建議客人按時到場；另外完場後如逗留超過十分鐘，將會額外收取 1 小時場租費用
兩歲或以下免費進場，兩歲以上客人均需按正常收費計算

b. 星期六、日、公眾假期

最低消費3小時；場租包8位費用，如超出8人，額外客人每位收費 $65 / 小時

2. 包場聚會（15人或以上）
1. 星期一至五

0900 - 2200：每位 $45 / 小時
最低消費2小時及需作15位計算
如預約時間於早上9時前及晚上10時後需額外收取附加費，每小時 + $100（不限人數)

2. 星期六、日、公眾假期及公眾假期前夕

最低消費3小時及需作15位計算
","On tin center, 1 Sheung Hei Street, San Po Kong", 場地面積: 1000 (平方尺) ,"
 場地最高可容納人數: 45人 "
Fancy Home,https://reubird.hk/party-room/fancy-home-party-room/fancy-home-party-room-3754,"所有時段︰

每位$148 / 3小時
滿3小時送1小時 
平均$37 / 小時
",灣仔 駱克道， 請直接聯繫確定地址, 場地面積: 900 (平方尺) ,"
 場地最高可容納人數: 35人 "
Hashtag Mr Board ,https://reubird.hk/party-room/Hashtagmrboard/Hashtagmrboard-2183,"1. 星期一至五 17:00-23:00 時段：


按人頭分時段收費Mon to Fri (10人起)：
8點前: $75(3小時)8點後: $90(3小時)加時: $35/1小時
貓頭鷹時段(0000-0600): $100/每位(包整個時段)

如需要有 1 位 MC 主持狼人殺，額外加 $300
其他時段歡迎在 ReUbird 網上查詢

2. 星期六日及公眾假期不設包場服務
3.星期六日設有Book 場服務
按人頭收費：
4小時$100
5小時$130
6小時$140
7小時$150",觀塘 開源道47號凯源工業大廈 13 F 室, 場地面積: 650 (平方尺) ,"
 場地最高可容納人數: 30人 "
Partyroom_Pepe and Fds,https://reubird.hk/party-room/pepe-n-fds/Da-pepe-n-fds,,,,
Big Day BBQ Partyroom,https://reubird.hk/party-room/big-day-bbq-party-room/big-day-bbq-party-room-3604,"🎈包場收費🎈
星期一至四 (8位起)

每位 $180/4小時

星期五至日 (10位起)

每位 $200/4小時

 
👶🏻小童三歲以下免費，八歲或以下半價👧🏻🧒🏻
🕧加鐘：全單計每小時 $500
👆🏻訂場時確定加鐘時間，可享8折優惠
如需要代訂BBQ(電烤爐) /火鍋套餐：每位加$100
 
🙋🏻‍♂🙋🏻註：場內的 Poker 枱 及 麻將枱 只能 用籌碼 作娛樂用途 🈲止任何現金運作
*清潔費$300
*嘔吐清潔費$800
 ",九龍觀塘開源道55號開聯工業中心A座5樓523-524室, 場地面積: 2400 (平方尺) ,"
 場地最高可容納人數: 50人 "
DELUXE Party Room,https://reubird.hk/party-room/mk-party21/Gp-mk-party21,☀早午時段 🕘10am-6pm🕕 星期一至四：每位$70/ 4小時 星期五至日、公眾假期：每位$80/ 4 小時-🌙晚上時段 🕕7pm-12am🕛 星期一至四：每位$80/ 4小時星期五至日、公眾假期：每位$98/ 4小時-🌑貓頭鷹時段 🕛11pm-7pm🕘 星期一至四：每位$138/ 8小時 星期五至日、公眾假期：每位$158/ 8小時,旺角好景商業中心, 場地面積: 300 (平方尺) ,"
 場地最高可容納人數: 4人 "
Club Party - Multipurpose Event Place,https://reubird.hk/party-room/clubparty/clubparty-2399,"星期一至四：

10:00 - 18:00：每位$208/ 5小時，$168/ 4小時
18:00 - 01:00：每位$238/ 5小時，$188/ 4小時
最低消費10位成人價

星期五至日、公眾假期及公眾假期前夕：

10:00 - 18:00：每位$228/ 5小時，$178/ 4小時
18:00 - 01:00：每位$248/ 5小時，$198/ 4小時
最低消費12位成人價
須收加一服務費

其他優惠

人數滿25位，加送室內一小時及九五折優惠
人數滿30位，加送室內一小時及九折優惠
任飲無酒精飲品汽水及任食雪糕，不用額外收費
惠顧5小時plan即送人頭海鮮
正日生日獨立半價優惠（不計算於最低消費）
",觀塘鯉魚門道2號新城工商中心4樓, 場地面積: 1200 (平方尺) ,"
 場地最高可容納人數: 40人 "
Chill Talk Party Room,https://reubird.hk/party-room/chill-talk-party-room/chill-talk-party-room-3631,"5月份最新收費表:
星期一至四：
18:00前：每位$128 / 4小時18:00後：每位$148 / 4小時
加鐘: 每位$30 / 小時
星期五六日、公眾假期及公眾假期前夕：
18:00前：每位$148 / 4小時18:00後：每位$168 / 4小時
加鐘: 每位$35 / 小時",九龍觀塘區觀塘成業街19-21 號 成業工業大廈, 場地面積: 663 (平方尺) ,"
 場地最高可容納人數: 25人 "
Me Play With You Party Room,https://reubird.hk/party-room/me-play-with-you-party-room/me-play-with-you-party-room-6466,"


 
星期一至四
星期五/假期前夕
星期六/公眾假期
星期日


0900-1800

學生$88/3小時 (加鐘$20/小時)
$128/4小時 (加鐘$25/小時)

$158/4小時 (加鐘$35/小時)


1800-2400
$138/4小時 (加鐘$30/小時)
$158/4小時 (加鐘$35/小時)


0000-0900
$198 任玩
$228 任玩
$198 任玩



 
**如有設施損壞，照價賠償
**如未能還原場地，將收取$500清潔費
**通宵時段將收取按金",油麻地砵蘭街長盛中心, 場地面積: 550 (平方尺) ,"
 場地最高可容納人數: 18人 "
Unicorn Party Room (觀塘分店),https://reubird.hk/party-room/unicorn-party-room-kwun-tong/unicorn-party-room-kwun-tong-2419,"非貓頭鷹時段
星期一至五5點前：

每位$88 / 3小時
每位$108 / 4小時
每位$128 / 5小時
每位$148 / 6小時
最低消費8位
每位$20 / 小時

星期一至四5點後：

每位$108 / 3小時
每位$138 / 4小時
每位$168 / 5小時
最低消費8位
每位$30 / 小時

星期五5點後、星期六日、公眾假期及公眾假期前夕：

每位$138 / 3小時
每位$168 / 4小時
每位$198 / 5小時
最低消費8位
每位$30 / 小時

 
貓頭鷹時段
星期日至四：

00:00 - 07:00：每位$138 / 5小時
加鐘每位$30 / 小時

星期五至六、公眾假期及公眾假期前夕：

00:00 - 07:00：每位$188 / 5小時
加鐘每位$30 / 小時

其他優惠

生日1位免費
",觀塘工業中心二期12樓P, 場地面積: 1600 (平方尺) ,"
 場地最高可容納人數: 50人 "
Blank Slate Kitchen Party Room,https://reubird.hk/party-room/blank-slate-kitchen/DY-blank-slate-kitchen,"
*以上收費為包場收費，不限人數",觀塘官塘工業中心第1期6樓D1室, 場地面積: 400 (平方尺) ,"
 場地最高可容納人數: 15人 "
Talker BBQ,https://reubird.hk/party-room/talker-bbq-party-room/talker-bbq-party-room-3441,"任飲任玩party room：

12:00 - 03:00自選7小時（加鐘＄500 / 小時）：每位$280

代訂飲品包括：

可樂、可樂零系、芬達橙、雪碧、忌廉、檸檬茶、菊花茶、烏龍茶等等（所有費用已包括代訂以上飲品）
可自攜酒精飲品（有冰、紅白酒杯提供）

 ",荔枝角青山道483号再發工業大厦，8/F，A室, 場地面積: 1500 (平方尺) ,"
 場地最高可容納人數: 30人 "
旺角好景AQUA PartyRoom,https://reubird.hk/party-room/nakama-aqua-mk-partyroom/iXRHyaQ9ET-nakama-aqua-mk-partyroom,"包全場！包飲品任飲丶零食任食🥳  時間長設優惠🤩
星期一至四

09:00 - 18:00：每位 $120 / 4小時 
18:00 - 09:00：每位 $120 / 3小時

星期五至日、公眾假期及公眾假期前夕

全日: 每位 $120 / 3小時

通宵（00:00 - 09:00）任玩大優惠

最少4人：每位 $220
5 - 7人：每位 $200
8人或以上：每位 $180
",旺角花園街2-16號 好景商業中心 16樓13室, 場地面積: 390 (平方尺) ,"
 場地最高可容納人數: 18人 "
宮廠 Industrial Palace,https://reubird.hk/party-room/industrial-palace/ga-industrial-palace,,,,
Star Party & BBQ,https://reubird.hk/party-room/star-party-and-bbq/star-party-and-bbq-2915,"自備外賣不燒烤「包全場」
星期一至四 

每位$158 / 4小時

星期五至日、公眾假期及公眾假期前夕 

每位$178 / 4小時

注意事項

如嘔吐需額外付$500清潔費；如設施遭損壞需面議賠償。

特別注意

一經確定已付訂金之預約，無論任何原因，一旦取消，訂金不被退回，但能商討改期，請自行考慮再作決定。
",葵芳葵喜街13號永恆工業大廈, 場地面積: 1000 (平方尺) ,"
 場地最高可容納人數: 20人 "
Jaffe520 銅鑼灣 Party Room,https://reubird.hk/party-room/jaffe520/iQtZ4y6MZ-jaffe520,"
每位$150 / 3小時 
場地在不同時期會推出不同優惠，以上價錢僅為參考價錢，確實價錢及加鐘收費需透過ReUbird向場地負責人查詢
如有損壞或嚴重混亂將會收取清潔費$500起
",銅鑼灣謝斐道520號渣菲大廈3樓, 場地面積: 700 (平方尺) ,"
 場地最高可容納人數: 40人 "
Oneawesome Party Room,https://reubird.hk/party-room/oneawesome-party-room/oneawesome-party-room-3171,"星期一至四 ：
1. 09:00 - 18:00：

每位$120 / 4小時
每位$160 / 6小時

2. 18:00 - 00:00：

每位$120 / 4小時 

3. 長鐘優惠： 18:00 - 09:00（15小時） 

每位$200

 
星期五至日、公眾假期及公眾假期前夕：
1. 09:00 - 18:00：

每位$140 / 4小時
每位$180 / 6小時

2. 18:00 - 00:00：

每位$140 / 4小時

3. 長鐘優惠： 18:00 - 09:00（15小時）

每人$260

 
* 包場提供紙包飲品，酒精飲品可自備* 如設備損壞需照價賠償，過分污糟會收清潔費$500
 ",荔枝角青山道608號榮吉工廠大廈, 場地面積: 700 (平方尺) ,"
 場地最高可容納人數: 25人 "
Hykcwyre Place,https://reubird.hk/party-room/hykcwyre-place-partyroom/IXWc3pBdp-hykcwyre-place-partyroom,,,,
Kangaroom,https://reubird.hk/party-room/kangaroom/fLHOqtuXIG_kangaroom,"星期一至五、公眾假期及公眾假期前夕：

09:00 - 12:00：每位$25 / 小時
12:00 - 18:00：每位$30 / 小時
18:00 - 00:00：每位$35 / 小時
23:00後：每位$138 / 7小時；$148 / 8小時；$158 / 9小時

更多優惠：
",觀塘駿業里10號業運工業大廈, 場地面積: 300 (平方尺) ,"
 場地最高可容納人數: 15人 "
[限聚令關閉中]Party island🌴,https://reubird.hk/party-room/party-island/GM-party-island,"星期一至四
    每位$128/ 4小時    每位$148/ 5小時    每位$168/ 6小時    及後$18 / 1小時
星期五至日、公眾假期及公眾假期前夕
    每位$158/ 4小時    每位$178/ 5小時    每位$198/ 6小時    及後$25 / 1小時
 通宵狂歡優惠：11pm to 9am $168
[以上全部時段包括無酒精飲品任飲]
 ",旺角合桃街9號, 場地面積: 450 (平方尺) ,"
 場地最高可容納人數: 15人 "
Kitchen Republic 廚房 Party Room,https://reubird.hk/party-room/kitchen-republic/Zp-kitchen-republic,,,,
SKR.HOUSE852 PARTYROOM - 堅得玩伴派對屋,https://reubird.hk/party-room/skrhouse-party-room-bbq/skrhouse-party-room-bbq-2885,"星期一至四

每位$180 / 8小時

星期五、六、日

每位$200 / 8小時

公眾假期及公眾假期前夕（e.g萬聖節, X'mas, 新年）

每位$280 / 8小時
",觀塘偉業街172號堅德工業大廈5樓B室, 場地面積: 1500 (平方尺) ,"
 場地最高可容納人數: 50人 "
Amigos party - 地中海小屋,https://reubird.hk/party-room/amigos-party-med-sea/gy-amigos-party-med-sea,,,,
BaobabParty,https://reubird.hk/party-room/baobab_party/Z2-baobab_party,"星期一至四

10:00 - 18:00：每位$100 / 4小時；$120 / 5小時；$140 / 6小時
加鐘每位$20 / 小時
18:00 - 00:00：每位$120 / 4小時；$145 / 5小時；$170 / 6小時
加鐘每位$25 / 小時
00:00 - 08:00：每位$180 / 整個時段

星期五至日、公眾假期及公眾假期前夕

10:00 - 18:00：每位$120 / 4小時；$145 / 5小時；$170 / 6小時
加鐘每位$25 / 小時
18:00 - 00:00：每位$140 / 4小時；$170 / 5小時；$200 / 6小時
加鐘每位$30 / 小時
00:00 - 08:00：每位$200 / 整個時段
",觀塘工業中心第一期一樓1R室, 場地面積: 1200 (平方尺) ,"
 場地最高可容納人數: 40人 "
SuperPark 派對體驗,https://reubird.hk/party-room/superpark-parties-experience/ZM-superpark-parties-experience,,,,
Comma Party - Home,https://reubird.hk/party-room/comma-party-england/goa3i4jbZ-comma-party-england,,,,
Kangahome,https://reubird.hk/party-room/kangahome/IX-kangahome,,,,
新手村策遊及自拍派對房,https://reubird.hk/party-room/novice-house-party-room/novice-house-party-room-3268,"星期一至四

09:00 - 14:00：每位$70 / 首4小時，之後每位+$15 / 小時
13:00 - 18:00：每位$90 / 首4小時，之後每位+$15 / 小時
18:00 - 23:00：每位$140 / 首4小時，之後每位+$20 / 小時
22:00 - 08:30：每位$120 / 首4小時，之後每位+$20 / 小時

星期五至日、公眾假期及公眾假期前夕

09:00 - 14:00：每位$90 / 首4小時，之後每位+$20 / 小時
13:00 - 18:00：每位$140 / 首4小時，之後每位+$25 / 小時
18:00 - 23:00：每位$160 / 首4小時，之後每位+$25 / 小時
22:00 - 08:30：每位$140 / 首4小時，之後每位+$25 / 小時

注意事項

如跨時段，會以較高收費時段計算場租
場地最多可容納人數為25人
最低消費人數10人，每場收費上限為22人的費用，打後人頭可免費進場
",旺角彌敦道577-577A號高氏大樓1樓A室, 場地面積: 700 (平方尺) ,"
 場地最高可容納人數: 25人 "
Miniparty White,https://reubird.hk/party-room/miniparty-white/miniparty-white-2879,,旺角花園街2-16號好景商業中心, 場地面積: 200 (平方尺) ,"
 場地最高可容納人數: 8人 "
Party M - 貓貓樂園,https://reubird.hk/party-room/party-m-cat/party-m-cat-3075,"星期一至四

09:00 - 17:00：每位$118 / 4小時
17:00 - 02:00：每位$138 / 4小時

星期五至日、公眾假期及公眾假期前夕

09:00 - 17:00：每位$128 / 4小時
17:00 - 02:00：每位$148 / 4小時
00:00 - 08:00：每位$258 / 8小時

備註：

星期一至四營業時間：09:00 - 02:00
星期五至日、公眾假期及公眾假期前夕為24小時營業
",觀塘巧明街105號好運工業大廈（地址在網上查詢及預約後提供）, 場地面積: 390 (平方尺) ,"
 場地最高可容納人數: 20人 "
Party Aloha,https://reubird.hk/party-room/party-aloha/party-aloha-2948,"星期一至四

06:00 - 18:00：每位$90 / 4小時
18:00 - 00:00：每位$108 / 4小時
00:00 - 06:00：每位$108 / 4小時
最低消費6位

星期五至日、公眾假期及公眾假期前夕

06:00 - 18:00：每位$98 / 4小時
18:00 - 00:00：每位$138 / 4小時
00:00 - 06:00：每位$138 / 4小時
最低消費8位

學生優惠

每人減$10
優惠不能與其他合併使用。

注意事項

場地24小時開放
收費以人頭費計算
費用已包括：
免費飲品提供丨代訂到會食物（不包括食物費用）
高速Wifi 舒適獨立環境
歡迎自備食物及酒
",葵興貴豐工業大廈, 場地面積: 1000 (平方尺) ,"
 場地最高可容納人數: 30人 "
Go Play Panda Canvas Party Room 玩樂熊貓館,https://reubird.hk/party-room/go-play-panda-canvas/go-play-panda-canvas-2239,"星期一至四：

每位$190 / 3 小時

星期五至日、公眾假期及公眾假期前夕：

每位$220 / 3小時
",九龍觀塘開源道54號豐利中心, 場地面積: 1700 (平方尺) ,"
 場地最高可容納人數: 60人 "
Bilibala BBQ+豪華廚房Partyroom - 開源道分店,https://reubird.hk/party-room/bilibala-kt2/ga-bilibala-kt2,"
每位$200 / 5小時
",觀塘開源道55號開聯工業中心A座5樓525室, 場地面積: 1200 (平方尺) ,"
 場地最高可容納人數: 40人 "
Comma Party - 白雪公主主題房,https://reubird.hk/party-room/comma-party-alice/IoddIxnjbZ-comma-party-alice,,,,
Party Around The World Party Room,https://reubird.hk/party-room/party-around-the-world/party-around-the-world-2354,"星期一至日、公眾假期及公眾假期前夕：

每位$100 / 6 小時
",九龍土瓜灣木廠街36號聯明興工廠大廈9字樓B4室, 場地面積: 250 (平方尺) ,"
 場地最高可容納人數: 15人 "
Home Ground Party Room,https://reubird.hk/party-room/home-ground/io-home-ground,,,,
Party Guys Party Room,https://reubird.hk/party-room/pokemon-party-hk-party-room/pokemon-party-hk-party-room-2370,"1. 包場收費（任何時段，夜貓時段除外）：

每位$180 / 4小時
每位$210 / 5小時
每位$230 / 6小時
包無酒精飲品任飲
",葵興華星街華達工業中心, 場地面積: 1200 (平方尺) ,"
 場地最高可容納人數: 50人 "
圍威喂 Party — 冰雪樂園,https://reubird.hk/party-room/right-right-right-snow-park/right-right-right-snow-park-2373,"星期一至星期四 

10:00 - 18:00：每人$98 / 4小時


18:00 - 00:00：每人$138 / 3小時每人$158 / 4小時
通宵時段須在 ReUbird 網上查詢後額外報價

星期五至星期日&公眾假期及前夕

10:00 - 00:00：每人$158 / 3小時每人$178 / 4小時
通宵時段須在 ReUbird 網上查詢後額外報價

 
小童收費

0 -  2歲嘅BB一律免費
3 - 10歲嘅小朋友半價
11歲以上全價
",鴻圖道12號精棉工業大廈 , 場地面積: 300 (平方尺) ,"
 場地最高可容納人數: 30人 "
C-Dwell Party Room - 黑白馬戲團主題房,https://reubird.hk/party-room/c-dwell-blackwhite/g8-c-dwell-blackwhite,"


 
下午（18:00前）
夜晚（18:00後）
Overnight（23:00 - 06:00）


星期一至四
每位$35 / 小時
每位$40 / 小時
每位$200 / 小時


星期五至日、公眾假期及公眾假期前夕
每位$40 / 小時
每位$45 / 小時
每位$220 / 小時


不限人數包場（連無酒精飲品）
$1250 / 小時
$1500 / 小時
 



*獨立房間、設施任用
*無額外收費
飲品收費：

任飲每位+$5 / 小時

人數折扣優惠：

20人或以上全單9折
30人或以上全單8折

清潔費事宜：
C-Dwell Party並不希望收取客人清潔費用，因此懇親各位使用完場地後，能夠協助還原場地設施位置。
如遇以下情況，C-Dwell Party將收取清潔費用：

客人使用完場地後過份髒亂及沒有還原場地設施位置，本店將收取$500 / 次清潔費
如客人於場地內嘔吐，本店將收取$500 / 次清潔費
如客人於波波池內倒瀉飲品或嘔吐，本店將收取$1500 / 次清潔費
",荃灣荃運工業中心二期, 場地面積: 1300 (平方尺) ,"
 場地最高可容納人數: 50人 "
Login Party - 大房,https://reubird.hk/party-room/login-party-big-room/login-party-big-room-2394,"



20人或以下Plan： 
星期一至四



11:00 - 00:00：每位$30 / 小時
00:00 - 07:00：每位$40 / 小時

星期五至日、公眾假期及公眾假期前夕

11:00 - 00:00：每位$45 / 小時
00:00 - 07:00：每位$50 / 小時

20人以上Plan：

星期一至四

11:00 - 00:00：每位$25 / 小時
00:00 - 07:00：每位$30 / 小時

星期五至日、公眾假期及公眾假期前夕

11:00 - 00:00：每位$30 / 小時
00:00 - 07:00：每位$40 / 小時

注意事項






房間有三間， 落訂前請查詢房間分配。


",荔枝角億利工業中心, 場地面積: 1000 (平方尺) ,"
 場地最高可容納人數: 60人 "
Login Party - Live Band 房,https://reubird.hk/party-room/login-party-live-band-room/login-party-live-band-room-2396,"

20人或以下Plan：
星期一至四



11:00 - 00:00：每位$30 / 小時
00:00 - 07:00：每位$40 / 小時

星期五至日、公眾假期及公眾假期前夕

11:00 - 00:00：每位$45 / 小時
00:00 - 07:00：每位$50 / 小時

20人以上Plan：

星期一至四

11:00 - 00:00：每位$25 / 小時
00:00 - 07:00：每位$30 / 小時

星期五至日、公眾假期及公眾假期前夕

11:00 - 00:00：每位$30 / 小時
00:00 - 07:00：每位$40 / 小時





注意事項

房間有三間， 落訂前請查詢房間分配

",荔枝角億利工業中心, 場地面積: 800 (平方尺) ,"
 場地最高可容納人數: 20人 "
Login Party - 包全場,https://reubird.hk/party-room/login-party-entire-room/login-party-entire-room-2397,"
20人或以下Plan：
星期一至四



11:00 - 00:00：每位$30 / 小時
00:00 - 07:00：每位$40 / 小時

星期五至日、公眾假期及公眾假期前夕

11:00 - 00:00：每位$45 / 小時
00:00 - 07:00：每位$50 / 小時

20人以上Plan：

星期一至四

11:00 - 00:00：每位$25 / 小時
00:00 - 07:00：每位$30 / 小時

星期五至日、公眾假期及公眾假期前夕

11:00 - 00:00：每位$30 / 小時
00:00 - 07:00：每位$40 / 小時

注意事項

房間有三間， 落訂前請查詢房間分配


",荔枝角億利工業中心, 場地面積: 1300 (平方尺) ,"
 場地最高可容納人數: 80人 "
桌桌有娛 Light Room,https://reubird.hk/party-room/funtable-party-room-b/funtable-party-room-b-2416,"星期一至四：

每位$148 / 4小時

星期五至日、公眾假期及公眾假期前夕：

每位$178 / 4小時
",葵涌華星街保盈工業大廈, 場地面積: 1200 (平方尺) ,"
 場地最高可容納人數: 30人 "
客廳 Heart Tank Party Room & BBQ,https://reubird.hk/party-room/heart-tank/Dy-heart-tank,"星期一至四
 
1. 11:00 - 17:00（15人以內可享有全單8折）

$1200 / 3小時
$1840 / 6小時（每位平均$20.4／小時）
第16人起每位$120

2. 17:00後


15人內：$1500/ 3小時
15人內：$2300 / 6小時（每位平均$25／小時）
第16人起每位$120


星期五至日、公眾假期及公眾假期前夕

15人內：$2800 / 6小時（每位平均$31／小時！）
第16人起每位$150

其他優惠

book場當天生日，壽星本人獲享9折優惠
持有全日制學生證者可享9折優惠
提早兩星期前book場可享9折優惠喔牌2【；；；0-p
","大角咀通州街99號3樓A, Kowloon ", 場地面積: 1000 (平方尺) ,"
 場地最高可容納人數: 35人 "
C-Dwell Party（包全場）,https://reubird.hk/party-room/cd-well-party-whole-venue/cd-well-party-whole-venue-2424,"


 
下午（18:00前）
夜晚（18:00後）
Overnight（23:00 - 06:00）


星期一至四
每位$35 / 小時
每位$40 / 小時
每位$200 / 小時


星期五至日、公眾假期及公眾假期前夕
每位$40 / 小時
每位$45 / 小時
每位$220 / 小時


不限人數包場（連無酒精飲品）
$1500 / 小時
$2000 / 小時
 



獨立房間、設施任用無額外收費。
飲品收費：

任飲每位+$5 / 小時

清潔費事宜：
C-Dwell Party並不希望收取客人清潔費用，因此懇親各位使用完場地後，能夠協助還原場地設施位置。
如遇以下情況，C-Dwell Party將收取清潔費用：

客人使用完場地後過份髒亂及沒有還原場地設施位置，本店將收取$500 / 次清潔費
如客人於場地內嘔吐，本店將收取$500 / 次清潔費
如客人於波波池內倒瀉飲品或嘔吐，本店將收取$1500 / 次清潔費
",荃運工業中心二期, 場地面積: 2300 (平方尺) ,"
 場地最高可容納人數: 200人 "
Party M - 熱帶露營,https://reubird.hk/party-room/party-m-hot-camp/party-m-hot-camp-3076,"星期一至四

09:00 - 17:00：每位$118 / 4小時
17:00 - 02:00：每位$138 / 4小時

星期五至日、公眾假期及公眾假期前夕

09:00 - 17:00：每位$128 / 4小時
17:00 - 02:00：每位$148 / 4小時
00:00 - 08:00：每位$258 / 8小時

備註：

星期一至四營業時間：09:00 - 02:00 
星期五至日、公眾假期及公眾假期前夕為24小時營業
",觀塘巧明街105號好運工業大廈（地址在網上查詢及預約後提供）, 場地面積: 310 (平方尺) ,"
 場地最高可容納人數: 10人 "
No. 1 Party Room,https://reubird.hk/party-room/01-party-room/01-party-room-3375,"星期一至四

每位$168 / 首4小時  

星期五至日、公眾假期及公眾假期前夕

每位$188 / 首4小時
",觀塘成業街15-17號成運工業大厦 2樓 22室, 場地面積: 3000 (平方尺) ,"
 場地最高可容納人數: 75人 "
Kidults Land Party Room,https://reubird.hk/party-room/kidults-land/GQ-kidults-land,,,,
Rent A Kitchen Party Room （24位大廚房）,https://reubird.hk/party-room/rent-a-kitchen-party-room/rent-a-kitchen-party-room-2812,"星期一至日、公眾假期及公眾假期前夕

11:00 - 16:00：全節$3050

星期一至四

16:30 - 00:30：全節$3050
任何12小時：$4000

星期五至日、公眾假期及公眾假期前夕

16:30 - 00:30：全節$3550
任何12小時：$5500

*所有時段均為包場
*費用已包括洗碗清潔服務",觀塘道404號時運工廈, 場地面積: 800 (平方尺) ,"
 場地最高可容納人數: 24人 "
Rent A Kitchen Party Room （24位大廚房）,https://reubird.hk/party-room/rent-a-kitchen-party-room/rent-a-kitchen-party-room-2812,"星期一至日、公眾假期及公眾假期前夕

11:00 - 16:00：全節$3050

星期一至四

16:30 - 00:30：全節$3050
任何12小時：$4000

星期五至日、公眾假期及公眾假期前夕

16:30 - 00:30：全節$3550
任何12小時：$5500

*所有時段均為包場
*費用已包括洗碗清潔服務",觀塘道404號時運工廈, 場地面積: 800 (平方尺) ,"
 場地最高可容納人數: 24人 "
Hahaha Party & BBQ (黃色主題房),https://reubird.hk/party-room/wahaha-party-room-yellow-room/wahaha-party-room-yellow-room-2839,"最新收費


☀ 星期一至五

09:00 - 17:00 任選4小時，每位$168，10位起(不設紙包飲品任飲)
18:00 - 22:00 每位 $198，20位起

☁ 星期六日
09:00 - 22:00（任選4hrs)

每位$238 25位起

🦉 貓頭鷹時間/凌晨時分
23:00 - 0800（任選4hrs)

每位$288起

 
*每位加$150 可享用天台BBQ食物包
*12歲或以下/70歲或以上半價（計0.5個人頭）

",觀塘地鐵站A2出口，步行5分鐘, 場地面積: 5000 (平方尺) ,"
 場地最高可容納人數: 200人 "
Wawawa Party & BBQ (粉紅主題),https://reubird.hk/party-room/wahaha-party-room-pink-room/wahaha-party-room-pink-room-2840,"最新收費


☀ 星期一至五

09:00 - 17:00 任選4小時，每位$168，10位起 (不設紙包飲品任飲)
18:00 - 22:00 每位 $198，20位起

☁ 星期六日
09:00 - 22:00（任選4hrs)

每位$238 25位起

🦉 貓頭鷹時間/凌晨時分
23:00 - 0800（任選4hrs)

每位$288起

 
*每位加$150 可享用天台BBQ食物包
*3歲以下免費（不計人頭）
*12歲或以下/70歲或以上半價（計0.5個人頭）

",觀塘地鐵站A2出口，步行5分鐘, 場地面積: 5000 (平方尺) ,"
 場地最高可容納人數: 200人 "
Sun Sun Party,https://reubird.hk/party-room/sun-sun-party-room/sun-sun-party-room-6407,"星期一至四

每位 $90 / 3小時
每位 $110 / 4小時
每位 $130 / 5小時
每位 $150 / 6小時
加鐘 : 每位 $20 / 小時

 
星期五至日、公眾假期及公眾假期前夕

每位 $110/ 3小時
每位 $130/ 4小時
每位 $150/ 5小時
每位 $170/ 6小時
加鐘 : 每位 $20 / 小時

 
通宵優惠 (00:00-08:00) 8小時

每位$150 / 8小時

 
#以上價錢以每位計算",旺角百寶利商業中心1509室, 場地面積: 300 (平方尺) ,"
 場地最高可容納人數: 12人 "
Play Play Party,https://reubird.hk/party-room/kt-playplayparty/ga-kt-playplayparty,"純玩Package
星期一至四

中午時段 1200-1700: 每位收費$118
晚間時段 1800-2200: 每位收費$158
通宵時段 2300-0700: 每位收費$208

 
星期五、六、日、公眾假日及公眾假期前夕

中午時段 1200-1700: 每位收費$168
晚間時段 1800-2200: 每位收費$208
通宵時段 2300-0700: 每位收費$308

 
*以上價錢包括每人3罐/盒飲品
*飲品加購$3罐/盒
 
 
 ",觀塘道448-458號官塘工業中心3期13樓SA室, 場地面積: 1500 (平方尺) ,"
 場地最高可容納人數: 20人 "
Fun Fun Fun Party,https://reubird.hk/party-room/fun-fun-fun-party-room/fun-fun-fun-party-room-2841,"

星期一至五（12人起包場）

10:00 - 13:00︰每位$88 / 3小時
13:30 - 17:30︰每位$148 / 4小時
18:00 - 22:00︰每位$168 / 4小時（星期五晚除外）

星期五晚（18:00 - 22:00）至日、公眾假期及公眾假期前夕（20人起包場）

所有時段︰每位$198 / 4小時


",, 場地面積: 3500 (平方尺) ,"
 場地最高可容納人數: 100人 "
Comma Party 石門店 - 休閒廚房主題房,https://reubird.hk/party-room/comma-party-kitchen/1Z-comma-party-kitchen,,,,
Sunday - Party Room & BBQ (細房),https://reubird.hk/party-room/sunday-party-room/sunday-party-room-2882,"星期一至四：

12:00 - 23:00：每位$200 / 5小時
最低消費人數5位

星期五至日、公眾假期及公眾假期前夕：

12:00 - 23:00：每位$230 / 5小時
最低消費人數8位
",觀塘工業中心第三期13樓H2室, 場地面積: 1800 (平方尺) ,"
 場地最高可容納人數: 50人 "
Sunday - Party Room & BBQ (大房),https://reubird.hk/party-room/sunday-party-room-big-room/sunday-party-room-big-room-2883,"星期一至四

12:00 - 23:00：每位$200 / 5小時
燒烤套餐（食物及用品）：每位額外加$150

星期五至日、公眾假期及公眾假期前夕

12:00 - 23:00：每位$230 / 5小時
燒烤套餐（食物及用品）：每位額外加$180
",觀塘工業中心三期13樓H2室, 場地面積: 1800 (平方尺) ,"
 場地最高可容納人數: 50人 "
SKR.HOUSE852 PARTYROOM - 堅得玩伴派對屋,https://reubird.hk/party-room/skrhouse-party-room-bbq/skrhouse-party-room-bbq-2885,"星期一至四

每位$180 / 8小時

星期五、六、日

每位$200 / 8小時

公眾假期及公眾假期前夕（e.g萬聖節, X'mas, 新年）

每位$280 / 8小時
",觀塘偉業街172號堅德工業大廈5樓B室, 場地面積: 1500 (平方尺) ,"
 場地最高可容納人數: 50人 "
黑．chill,https://reubird.hk/party-room/black-chill-house/1m-,"<<3人或以上收費>>
平日收費(星期一至四)$110/3小時$120/4小時$140/5小時$160/6小時
周末/假日收費(星期五至日/假日/假日前夕)$130/3小時$140/4小時$160/5小時$180/6小時
加鐘：$20/hr 丨以上價錢以人頭計算丨
<<2人價錢表>>
平日收費(星期一至四)$120/3小時$140/4小時$160/5小時
加鐘：$20/hr 丨以上價錢以人頭計算丨
週末/假日收費（Fri-Sat/假日/假日前夕）$140/3小時$160/4小時$190/5小時
加鐘：$30/hr 丨以上價錢以人頭計算丨
以上價格已包飲品任飲
 
 ",旺角百寶利商業中心, 場地面積: 300 (平方尺) ,"
 場地最高可容納人數: 15人 "
Party Aloha,https://reubird.hk/party-room/party-aloha/party-aloha-2948,"星期一至四

06:00 - 18:00：每位$90 / 4小時
18:00 - 00:00：每位$108 / 4小時
00:00 - 06:00：每位$108 / 4小時
最低消費6位

星期五至日、公眾假期及公眾假期前夕

06:00 - 18:00：每位$98 / 4小時
18:00 - 00:00：每位$138 / 4小時
00:00 - 06:00：每位$138 / 4小時
最低消費8位

學生優惠

每人減$10
優惠不能與其他合併使用。

注意事項

場地24小時開放
收費以人頭費計算
費用已包括：
免費飲品提供丨代訂到會食物（不包括食物費用）
高速Wifi 舒適獨立環境
歡迎自備食物及酒
",葵興貴豐工業大廈, 場地面積: 1000 (平方尺) ,"
 場地最高可容納人數: 30人 "
Party M - 貓貓樂園,https://reubird.hk/party-room/party-m-cat/party-m-cat-3075,"星期一至四

09:00 - 17:00：每位$118 / 4小時
17:00 - 02:00：每位$138 / 4小時

星期五至日、公眾假期及公眾假期前夕

09:00 - 17:00：每位$128 / 4小時
17:00 - 02:00：每位$148 / 4小時
00:00 - 08:00：每位$258 / 8小時

備註：

星期一至四營業時間：09:00 - 02:00
星期五至日、公眾假期及公眾假期前夕為24小時營業
",觀塘巧明街105號好運工業大廈（地址在網上查詢及預約後提供）, 場地面積: 390 (平方尺) ,"
 場地最高可容納人數: 20人 "
Party M - 熱帶露營,https://reubird.hk/party-room/party-m-hot-camp/party-m-hot-camp-3076,"星期一至四

09:00 - 17:00：每位$118 / 4小時
17:00 - 02:00：每位$138 / 4小時

星期五至日、公眾假期及公眾假期前夕

09:00 - 17:00：每位$128 / 4小時
17:00 - 02:00：每位$148 / 4小時
00:00 - 08:00：每位$258 / 8小時

備註：

星期一至四營業時間：09:00 - 02:00 
星期五至日、公眾假期及公眾假期前夕為24小時營業
",觀塘巧明街105號好運工業大廈（地址在網上查詢及預約後提供）, 場地面積: 310 (平方尺) ,"
 場地最高可容納人數: 10人 "
Absolute Hut,https://reubird.hk/party-room/absolute-hut/nr-absolute-hut,"任何時段$85/2小時*加鐘 $30/小時*任飲飲品 $5/小時(以上價錢以每位計算)
通宵時段(23:00-06:00):每位$230(需提早兩天預約啊😊)",荃灣白田壩街嘉力工業中心B座9樓16室(鄰近南豐紗廠), 場地面積: 650 (平方尺) ,"
 場地最高可容納人數: 50人 "
Party M - 黑色派對,https://reubird.hk/party-room/karaoke/karaoke-3082,"星期一至四

09:00 - 17:00：每位$118 / 4小時
17:00 - 02:00：每位$138 / 4小時

星期五至日、公眾假期及公眾假期前夕

09:00 - 17:00 ：每位$128 / 4小時
17:00 - 02:00：每位$148 / 4小時
00:00 - 08:00：每位$258 / 8小時

備註：

星期一至四營業時間：09:00 - 02:00
星期五至日、公眾假期及公眾假期前夕為24小時營業

 ",觀塘巧明街105號好運工業大廈, 場地面積: 204 (平方尺) ,"
 場地最高可容納人數: 8人 "
Miniparty White,https://reubird.hk/party-room/miniparty-white/miniparty-white-2879,,旺角花園街2-16號好景商業中心, 場地面積: 200 (平方尺) ,"
 場地最高可容納人數: 8人 "
Buddy Home Party Room,https://reubird.hk/party-room/buddy-home/nr-buddy-buddy-home,"星期一至四：

每位$108 / 3小時 
後續每位$25 / 小時

星期五至日、公眾假期及公眾假期前夕：

每位$138 / 3小時
後續每位$30 / 小時
",觀塘道404時運工業大廈10a, 場地面積: 1300 (平方尺) ,"
 場地最高可容納人數: 60人 "
新手村策遊及自拍派對房,https://reubird.hk/party-room/novice-house-party-room/novice-house-party-room-3268,"星期一至四

09:00 - 14:00：每位$70 / 首4小時，之後每位+$15 / 小時
13:00 - 18:00：每位$90 / 首4小時，之後每位+$15 / 小時
18:00 - 23:00：每位$140 / 首4小時，之後每位+$20 / 小時
22:00 - 08:30：每位$120 / 首4小時，之後每位+$20 / 小時

星期五至日、公眾假期及公眾假期前夕

09:00 - 14:00：每位$90 / 首4小時，之後每位+$20 / 小時
13:00 - 18:00：每位$140 / 首4小時，之後每位+$25 / 小時
18:00 - 23:00：每位$160 / 首4小時，之後每位+$25 / 小時
22:00 - 08:30：每位$140 / 首4小時，之後每位+$25 / 小時

注意事項

如跨時段，會以較高收費時段計算場租
場地最多可容納人數為25人
最低消費人數10人，每場收費上限為22人的費用，打後人頭可免費進場
",旺角彌敦道577-577A號高氏大樓1樓A室, 場地面積: 700 (平方尺) ,"
 場地最高可容納人數: 25人 "
Heaha Party Room,https://reubird.hk/party-room/heaha-party/gQymJqAa-heaha-party,,,,
井室 Zeng Party,https://reubird.hk/party-room/zeng-party/1y-zeng-party,"

12月24、25、26、30、31日特別收費：
(A) 只租Partyroom：

每位$288 / 4小時

其餘日子：
 
(A) 只租Partyroom：

星期一至四：每位$158 / 4小時
星期五至日、公眾假期及公眾假期前夕：每位$188 / 4小時

備註：

以上收費均有加一服務費
歡迎自帶酒水，但為免發生意外，請勿自攜樽裝酒


",觀塘巧明街109號榮昌工業大廈5樓E室, 場地面積: 1500 (平方尺) ,"
 場地最高可容納人數: 50人 "
No. 1 Party Room,https://reubird.hk/party-room/01-party-room/01-party-room-3375,"星期一至四

每位$168 / 首4小時  

星期五至日、公眾假期及公眾假期前夕

每位$188 / 首4小時
",觀塘成業街15-17號成運工業大厦 2樓 22室, 場地面積: 3000 (平方尺) ,"
 場地最高可容納人數: 75人 "
C-Dwell Party Room - 紅白馬戲團主題房,https://reubird.hk/party-room/c-dwell-redwhite/gr-c-dwell-redwhite,"


 
下午（18:00前）
夜晚（18:00後）
Overnight（23:00 - 06:00）


星期一至四
每位$35 / 小時
每位$40 / 小時
每位$200 / 小時


星期五至日、公眾假期及公眾假期前夕

每位$40 / 小時

每位$45 / 小時
每位$220 / 小時


不限人數包場（連無酒精飲品）
$1000 / 小時
$1250 / 小時
 



獨立房間、設施任用無額外收費。
飲品收費：

任飲每位+$5 / 小時

人數折扣優惠：

20人或以上全單9折
30人或以上全單8折

清潔費事宜:
C-Dwell Party並不希望收取客人清潔費用，因此懇親各位使用完場地後，能夠協助還原場地設施位置。
如遇以下情況，C-Dwell Party將收取清潔費用：

客人使用完場地後過份髒亂及沒有還原場地設施位置，本店將收取$500 / 次清潔費
如客人於場地內嘔吐，本店將收取$500 / 次清潔費
如客人於波波池內倒瀉飲品或嘔吐，本店將收取$1500 / 次清潔費
",荃灣荃運工業中心二期, 場地面積: 800 (平方尺) ,"
 場地最高可容納人數: 30人 "
Resalaser Party Room,https://reubird.hk/party-room/resalaser-party-room/resalaser-party-room-6406,"派對房間收費（最少消費10人）

所有時段每位$50/小時

*清潔費 $200
 
鐳射槍戰價格星期一至四每位：$148 /1小時$238 /2小時$308 /3小時$368 /4小時
星期五至日、公眾假期每位：$178 /1小時$258 /2小時$338 /3小時$398 /4小時","Flat C, 2/F., Good year Industrial Building, 119-121 How Ming street, Kwun Tong", 場地面積: 4500 (平方尺) ,"
 場地最高可容納人數: 100人 "
Party Moment - 大灰熊,https://reubird.hk/party-room/party-moment-big-grey-bear/party-moment-big-grey-bear-3608,"正價收費：

每位$120 / 3小時
每位$150 / 4小時
最少4人及3小時起
提供免費飲品任飲

最新優惠：

每位$140 / 4小時；$160 / 5小時，其後每小時加$25

學生優惠：

學生每位減$10

下午時段優惠：

12:00 - 18:00：每位$150 / 整個時段

貓頭鷹時段優惠：

23:00 - 06:00：每位$170 / 整個時段

備註：

優惠不能與其他合併使用
本店只會為優先支付訂金的客人預留房間，並以入數時間及回覆確認為準，如有任何問題歡迎查詢
",旺角塘尾道62號福康工業大廈406室, 場地面積: 400 (平方尺) ,"
 場地最高可容納人數: 15人 "
Party Moment - 大熊館,https://reubird.hk/party-room/party-moment-big-bear-hall/party-moment-big-bear-hall-3609,"正價收費：

每位$120 / 3小時
每位$150 / 4小時
最少4人及3小時起
提供免費飲品任飲

最新優惠：

每位$140 / 4小時；$160 / 5小時，其後每小時加$25

學生優惠：

學生每位減$10

下午時段優惠：

12:00 - 18:00：每位$150 / 整個時段

貓頭鷹時段優惠：

23:00 - 06:00：每位$170 / 整個時段

備註：

優惠不能與其他合併使用
本店只會為優先支付訂金的客人預留房間，並以入數時間及回覆確認為準，如有任何問題歡迎查詢😁
",旺角塘尾道62號福康工業大廈406室, 場地面積: 200 (平方尺) ,"
 場地最高可容納人數: 6人 "
Party Moment - 小熊館,https://reubird.hk/party-room/party-moment-small-bear-hall/party-moment-small-bear-hall-3610,"正價收費：

每位$120 / 3小時
每位$150 / 4小時
最少4人及3小時起
提供免費飲品任飲

最新優惠：

每位$140 / 4小時；$160 / 5小時，其後每小時加$25

學生優惠：

學生每位減$10

下午時段優惠：

12:00 - 18:00：每位$150 / 整個時段

貓頭鷹時段優惠：

23:00 - 06:00：每位$170 / 整個時段

備註：

優惠不能與其他合併使用
本店只會為優先支付訂金的客人預留房間，並以入數時間及回覆確認為準，如有任何問題歡迎查詢😁
",旺角塘尾道62號福康工業大廈406室, 場地面積: 150 (平方尺) ,"
 場地最高可容納人數: 6人 "
Party Moment - 大廳連大小熊館,https://reubird.hk/party-room/party-moment-living-room-and-halls/party-moment-living-room-and-halls-3611,"正價收費：

每位$120 / 3小時
每位$150 / 4小時
最少4人及3小時起
提供免費飲品任飲

最新優惠：

每位$140 / 4小時；$160 / 5小時，其後每小時加$25

學生優惠：

學生每位減$10

下午時段優惠：

12:00 - 18:00：每位$150 / 整個時段

貓頭鷹時段優惠：

23:00 - 06:00：每位$170 / 整個時段

備註：

優惠不能與其他合併使用
本店只會為優先支付訂金的客人預留房間，並以入數時間及回覆確認為準，如有任何問題歡迎查詢😁
",旺角塘尾道62號福康工業大廈406室, 場地面積: 800 (平方尺) ,"
 場地最高可容納人數: 35人 "
Party Moment - 全埸,https://reubird.hk/party-room/party-moment-whole-venue/party-moment-whole-venue-3612,"正價收費：

每位$120 / 3小時
每位$150 / 4小時
最少4人及3小時起
提供免費飲品任飲

最新優惠：

每位$140 / 4小時；$160 / 5小時，其後每小時加$25

學生優惠：

學生每位減$10

下午時段優惠：

12:00 - 18:00：每位$150 / 整個時段

貓頭鷹時段優惠：

23:00 - 06:00：每位$170 / 整個時段

備註：

優惠不能與其他合併使用
本店只會為優先支付訂金的客人預留房間，並以入數時間及回覆確認為準，如有任何問題歡迎查詢😁
",旺角塘尾道62號福康工業大廈406室, 場地面積: 2000 (平方尺) ,"
 場地最高可容納人數: 70人 "
Glamorous Tearoom,https://reubird.hk/party-room/glamorous-tearoom/na-glamorous-tearoom,"星期一至四

每位$58 / 小時

星期五至日、公眾假期及公眾假期前夕

每位$68 / 小時
",觀塘巧明街116-118號萬年工業大廈, 場地面積: 250 (平方尺) ,"
 場地最高可容納人數: 10人 "
皇室派對 Royal Party,https://reubird.hk/party-room/royal-party-room/royal-party-room-3662,"星期一至四：

最低消費8位
1800前 : 每位$155 / 4小時
1800後 : 每位$165 / 4小時

星期五：

最低消費10位
1800前：每位$155 / 4小時
1800後：每位$190 / 4小時

星期六日、公眾假期及公眾假期前夕：

最低消費10位
每位$190 / 4小時

備註：

🥤飲品每位$10或挽6小時以上任飲
🤳加泳池$550（需兩日預約）
",九龍新蒲崗景福街超達工業大廈4樓3室, 場地面積: 1500 (平方尺) ,"
 場地最高可容納人數: 50人 "
Party 2 Nite,https://reubird.hk/party-room/party-to-nite/party-to-nite-3755,"星期一至四：



時間
任選3小時
 任選4小時
 任選5小時
 任選6小時


10:00-18:00
每位$148
每位$183
每位$218
每位$238


18:00-00:00
每位$158
每位$193
每位$228
每位$238


00:00-10:00
每位$158
每位$193
每位$228
每位$238



星期五至日、公眾假期及公眾假期前夕：



時間
任選3小時
 任選4小時
 任選5小時
 任選6小時


10:00-18:00
每位$158
每位$193
每位$228
每位$258


18:00-00:00
每位$168
每位$203
每位$238
每位$258


00:00-10:00
每位$168
每位$203
每位$238
每位$258



 ",葵涌青山公路403號匯城集團大厦16樓B室, 場地面積: 1500 (平方尺) ,"
 場地最高可容納人數: 50人 "
Bilibala BBQ+廚房 Partyroom,https://reubird.hk/party-room/bilibala-partyroom/gB-bilibala-partyroom,"
每位$200 / 5小時
",偉業街97號榮韶工業大廈4樓全層, 場地面積: 2500 (平方尺) ,"
 場地最高可容納人數: 80人 "
Amber Party 琥珀派對,https://reubird.hk/party-room/AmberParty/AmberParty-3767,"星期一至四﹕

每位$108 / 3小時
每位$118 / 4小時
每位$138 / 6小時
每位$168 / 9小時

星期五至日、公眾假期及公眾假期前夕：

每位$158 / 6小時
每位$178 / 9小時
每位$228 / 12小時

更多優惠﹕

滿10人有95折
滿15人有9折
滿20人有85折
滿25人有8折
",觀塘成業街成業工業大厦14樓1406室, 場地面積: 700 (平方尺) ,"
 場地最高可容納人數: 30人 "
DeTwilight,https://reubird.hk/party-room/twilight-party-room/twilight-party-room-6296,"平均每位$45 - 50 / 小時
*以上為参考價錢，詳情請向場地職員查詢",旺角塘尾道, 場地面積: 1000 (平方尺) ,"
 場地最高可容納人數: 40人 "
Amigos party - 繽紛嘉年華,https://reubird.hk/party-room/amigos-party-bunfun/ge-amigos-party-bunfun,,,,
Room8Studio,https://reubird.hk/party-room/room-8-studio/ga-room-8-studio,"
每位$188/ 4小時
",觀塘, 場地面積: 2000 (平方尺) ,"
 場地最高可容納人數: 50人 "
Comma Party - Zoo主題房,https://reubird.hk/party-room/comma-party-zoo/I2wI4Wq8p-comma-party-zoo,,,,
PartyKing,https://reubird.hk/party-room/party-king/iQ-party-king,,,,
JM PARTY - Chill Pink,https://reubird.hk/party-room/tw-jmparty-pink/gr-tw-jmparty-pink,"星期一至四：
06:00 – 12:00：每位$25/小時12:00 – 18:00：每位$35/小時18:00 – 00:00：每位$40/小時
星期五六日公眾假期及前夕：
06:00 – 12:00：每位$30/小時12:00 – 18:00：每位$40/小時18:00 – 00:00：每位$40/小時
貓頭鷹PARTY：00:00 - 06:00每位$188/ 時段內任玩
 
*最低消費為3小時* 最低消費人數以成人收費計算，0-2歲免費，3-10歲小童當半位成人計
 
其他優惠 ：生日優惠：主人公免收費（優惠適用於生日正日前後七日內），必須先達成最低消費後，額外人頭才可享免費學生優惠：正價9折38人以上優惠：正價9折更可打通兩房包全場
*以上優惠只能3選1，以及人數必須先達成最低消費。",荃運工業中心一期 柴灣角沙咀道45-53號 https://goo.gl/maps/qFQnBK17JshrKwmZ9, 場地面積: 1300 (平方尺) ,"
 場地最高可容納人數: 100人 "
Delights,https://reubird.hk/party-room/Delights/ZM-Delights,"星期一至四

00:00 - 18:00：每位$38 / 小時
18:00 - 00:00：每位$40 / 小時
00:00 - 09:00：每位$250 / 9小時
最低消費4人及4小時

星期五至日、公眾假期及公眾假期前夕

06:00 - 18:00：每位$42 / 小時
18:00 - 06:00：每位$46 / 小時
最低消費4人及4小時

",香港九龍灣宏開道17號順發工業大廈801室, 場地面積: 1000 (平方尺) ,"
 場地最高可容納人數: 25人 "
T Garden Party Room,https://reubird.hk/party-room/t-garden-party-room/t-garden-party-room-6942,"星期一至四：

每位$148 / 4小時

星期五至日、公眾假期及公眾假期前夕：

每位$158 / 4小時
",九龍灣寶康中心, 場地面積: 1000 (平方尺) ,"
 場地最高可容納人數: 35人 "
Gardenia 梔子花房,https://reubird.hk/party-room/gardenia/govtmxLqZ-gardenia,"星期一至四

每位$148 / 4小時
最低消費4位
其後加時每位$40 / 小時

星期五至日、公眾假期及公眾假期前夕

每位$158 / 4小時
最低消費6位
其後加時每位$45 / 小時

10人或以上優惠收費

18:00 - 09:00：每位$299 / 15小時
星期一至四加時每位$40 / 小時
星期五至日、公眾假期及公眾假期前夕加時每位$45 / 小時
",九龍灣宏通街寶康中心, 場地面積: 700 (平方尺) ,"
 場地最高可容納人數: 25人 "
Everydayness 點滴空間,https://reubird.hk/party-room/everydayness-party-room/everydayness-party-room-6537,"🎉凡經ReUbird預約我們任何一個服務，皆享有9折優惠🎉
1. 溫習室價目表（以三至六人溫習小組為單位）
星期一至四：

08:00 - 21:00（任選五小時）：折後$270 ，平均每人低至$45!

星期五至日、公眾假期及公眾假期前夕：

08:00 - 21:00（任選五小時）：折後$360 ，平均每人低至$60!

2. Studio 價目表
星期一至四：

08:00 - 18:00：折後$135 / 小時
1800後：折後$200 / 小時

星期五至日、公眾假期及公眾假期前夕：

08:00 - 18:00：折後$180 / 小時
18:00後：折後$225 / 小時

3. Gathering 價目表
星期一至四：

08:00 - 18:00：首二小時折後每人$45，加鐘每位$18 / 小時
18:00後：首三小時折後每人$63，加鐘每位$18 / 小時

星期五至日、公眾假期及公眾假期前夕： 

08:00 - 18:00：首三小時折後每位$90，加鐘每位$22.5 / 小時
18:00後：首三小時折後每位$117，加鐘每人$27 / 小時
",火炭盈力工業大廈, 場地面積: 900 (平方尺) ,"
 場地最高可容納人數: 20人 "
Just Smile Party & Studio (細房),https://reubird.hk/party-room/lets-chill-party-small-room/lets-chill-party-small-room-2283,"1. 星期一至四

每位$125/4個鐘
其後每小時每位加$30
20位大人起包全埸，否則只包大房

2. 星期五至日、公眾假期及公眾假期前夕

每位$135/4個鐘
其後每小時每位加$30
20位大人起包全埸，否則只包大房

3. 貓頭鷹通宵時段 (22:00-06:00)：
a) 星期一至四

每位 $180 / 整個時段
其後或提前每小時每位加$30

b) 星期五至日、公眾假期及公眾假期前夕

每位 $210 / 整個時段
其後或提前每小時每位加$3
",屯門建發街5號廣建貿易中心, 場地面積: 200 (平方尺) ,"
 場地最高可容納人數: 10人 "
Just Smile Party & Studio (大房),https://reubird.hk/party-room/lets-chill-party-partyroom/gQkyAJLBga-lets-chill-party-partyroom,"1. 星期一至四

每位$125/4個鐘
其後每小時每位加$30
20位大人起包全埸，否則只包大房

2. 星期五至日、公眾假期及公眾假期前夕

每位$135/4個鐘
其後每小時每位加$30
20位大人起包全埸，否則只包大房

3. 貓頭鷹通宵時段 (22:00-06:00)：
a) 星期一至四

每位 $180 / 整個時段
其後或提前每小時每位加$30

b) 星期五至日、公眾假期及公眾假期前夕

每位 $210 / 整個時段
其後或提前每小時每位加$30
",屯門建發街5號廣建貿易中心, 場地面積: 1600 (平方尺) ,"
 場地最高可容納人數: 40人 "
Miniparty Bohemia,https://reubird.hk/party-room/tm-miniparty-bohemia/1a-tm-miniparty-bohemia,,屯門建發街5號廣建貿易中心, 場地面積: 1100 (平方尺) ,"
 場地最高可容納人數: 40人 "
Arena Party Room - Mini,https://reubird.hk/party-room/arena-party/j2-arena-party,"星期一至五（包場）

09:00 - 23:00：$268 / 6小時；$298 / 整個時段
20:00 - 07:00：$268 / 整個時段
最低消費為 6小時

星期六日、公眾假期及公眾假期前夕（包場）

09:00 - 23:00：$308 / 6小時；$368 / 整個時段
20:00 - 07:00：$268 / 整個時段
最低消費為 6小時

條款及細則
1. 通宵時段不可連同其他優惠使用
2. 使用學生優惠時必須出示學生證
3. 有關連續book場優惠詳情， 歡迎透過ReUbird查詢後於WhatsApp查詢
4. 如有任何爭議，迷你主場將有最終決定權
5. 以上價錢均為包全場價錢，無論幾多人都只收一個價錢，不按人頭收費。",啟德工業大廈1期4樓, 場地面積: 100 (平方尺) ,"
 場地最高可容納人數: 4人 "
Rita Ind Party Venue,https://reubird.hk/party-room/one-plus-one-party/one-plus-one-party-2213,"1. 早場時段：09:00-17:00

星期一至四：每位 $138 / 5小時（加鐘：每位 $28 / 小時）
星期五、六、日、公眾假期及公眾假期前夕：每位 $148 / 5小時（加鐘：每位 $38 / 小時）

 
2. 夜場時段：17:00-01:00

星期一至四：每位 $148 / 5小時（加鐘：每位 $28 / 小時）
星期五、六、日、公眾假期及公眾假期前夕：每位 $158 / 5小時（加鐘：每位 $38 / 小時）

 
3. 貓頭鷹時段：01:00-09:00

任何日子：每位 $158 / 5小時 或 $198 / 玩足8小時
星期一至四加鐘：每位 $28 / 小時；星期五、六、日、公眾假期及公眾假期前夕加鐘：每位 $38 / 小時

 
 
Remarks
1.每位加$20任飲(需全房全部人同加)
2. 臨時加鐘要視乎當日預訂時間後的booking而確定，Rita Ind Party有權拒絕臨時加鐘
3. 此價目表不適用於或商業拍攝用途，相關收費需另行查詢。", 香港火炭穗禾路1號豐利工業中心, 場地面積: 400 (平方尺) ,"
 場地最高可容納人數: 12人 "
Rita Ind Party with Friend (麻雀房),https://reubird.hk/party-room/1Plus1Friend/1Plus1Friend-2234,"1. 星期一至四：
a) 輕鬆玩包5小時 (每位計)

09:00-17:30：每位 $80 / 5小時
17:30 後：每位 $90 / 5小時
臨時加鐘：每位 $28 / 小時

 
2. 星期五、六、日、公眾假期及公眾假期前夕：
a) 輕鬆玩包5小時 (每位計)

09:00-17:30：每位 $90 / 5小時
17:30 後：每位 $110 / 5小時
臨時加鐘：每位 $38 / 小時

Remarks：
1. 每位加$20任飲(需全房所有人同加)
2. 此價目表不適用於或商業拍攝用途，相關收費需另行查詢。",香港火炭穗禾路1號豐利工業中心, 場地面積: 180 (平方尺) ,"
 場地最高可容納人數: 12人 "
Unknown World Party Room,https://reubird.hk/party-room/unknown-world-party-room/unknown-world-party-room-6487,"星期一至四：

20:00前：每位$30 / 小時
20:00後：每位$35 / 小時

星期五至日、公眾假期及公眾假期前夕：

20:00前：每位$40 / 小時
20:00後：每位$50 / 小時
",觀塘工業中心, 場地面積: 1000 (平方尺) ,"
 場地最高可容納人數: 25人 "
北聚 North Gathering,https://reubird.hk/party-room/north-gathering/jp-north-gathering,"星期一至四（所有時段）

每位$35 / 小時
飲品任飲每位+$5 / 小時

星期五

00:00 - 14:00：每位$35 / 小時
14:00 - 23:59：每位$40 / 小時
飲品任飲每位+$5 / 小時

星期六至日、公眾假期及公眾假期前夕（所有時段）

每位$40 / 小時 
飲品任飲每位+$5 / 小時

 

",新界粉嶺聯和墟安樂村業豐街15號寶利中心2樓201室, 場地面積: 750 (平方尺) ,"
 場地最高可容納人數: 24人 "
Party Blue and White - 希臘藍白小屋,https://reubird.hk/party-room/party_blue_and_white/fhFX2gh7E-_party_blue_and_white,"租場收費



 
下午（18:00前）
夜晚 （18:00前）
Overnight（23:00 - 06:00）


星期一至四
每位$35 / 小時
每位$40 / 小時
每位$200 / 整個時段


星期五六日、公眾假期及公眾假期前夕
每位$40 / 小時
每位$45 / 小時
每位$220 / 整個時段


不限人數包場
$1000 / 小時
$1500 / 小時
 



以上價格已包括：- 獨立房間，設施任用- 無額外收費
飲品收費：

每位+$5 / 小時
包括紙包飲品及支裝汽水

折扣優惠：

20人或以上9折優惠
30人或以上8折優惠

生日優惠：

生日前後一星期可免費入場（需滿足最低消費人數）

小童優惠：

3歲以下免費入場
3-12歲小朋友任何時段每位$35 / 小時

清潔費BandW Party 並不希望收取場地清潔費，因此懇請各位客人在使用完房間後協助將設施位置還原。但如遇以下情況，本店將會收取清潔費1. 客人離開場地前沒有還原設施位置（$500）2. 客人於場內嘔吐或倒瀉食物、飲品後沒有自行清潔（$500 / 次）3. 客人於波波池內嘔吐或倒瀉食物、飲品（$1500 / 次）",火炭華樂工業中心二期, 場地面積: 1300 (平方尺) ,"
 場地最高可容納人數: 50人 "
Party Blue and White - 簡約韓式主題,https://reubird.hk/party-room/party-blue-and-white-korean-theme-party-room/party-blue-and-white-korean-theme-party-room-2426,"租場收費



 
下午（18:00前）
夜晚（18:00前）
Overnight（23:00 - 06:00）


星期一至四
每位$35 / 小時
每位$40 / 小時
每位$200 / 整個時段


星期五六日、公眾假期及公眾假期前夕
每位$40 / 小時
每位$45 / 小時
每位$220 / 整個時段



以上價格已包括：- 獨立房間，設施任用- 無額外收費
飲品收費：

每位+$5 / 小時
包括紙包飲品及支裝汽水

折扣優惠：

20人或以上9折優惠
30人或以上8折優惠

生日優惠：

生日前後一星期可免費入場（需滿足最低消費人數）

小童優惠：

3歲以下免費入場
3-12歲小朋友任何時段每位小時35hkd

清潔費BandW Party 並不希望收取場地清潔費，因此懇請各位客人在使用完房間後協助將設施位置還原。但如遇以下情況，本店將會收取清潔費1. 客人離開場地前沒有還原設施位置（$500）2. 客人於場內嘔吐或倒瀉食物、飲品後沒有自行清潔（$500 / 次）3. 客人於波波池內嘔吐或倒瀉食物、飲品（$500 / 次）",火炭華樂工業中心二期, 場地面積: 500 (平方尺) ,"
 場地最高可容納人數: 12人 "
Party Blue and White（包全場）,https://reubird.hk/party-room/party-blue-and-white-party-room/party-blue-and-white-party-room-2428,"租場收費



 
下午（18:00前）
夜晚（18:00前）
Overnight（23:00 - 06:00）


星期一至四
每位$35 / 小時
每位$40 / 小時
每位$200 / 整個時段


星期五六日、公眾假期及公眾假期前夕
每位$40 / 小時
每位$45 / 小時
每位$220 / 整個時段


不限人數包場
$1200 / 小時
$1800 / 小時
 



以上價格已包括：- 獨立房間，設施任用- 無額外收費
飲品收費：

每位+$5 / 小時
包括紙包飲品及支裝汽水

折扣優惠：

20人或以上9折優惠
30人或以上8折優惠

生日優惠：

生日前後一星期可免費入場（需滿足最低消費人數）

小童優惠：

3歲以下免費入場
3-12歲小朋友任何時段每位$35 / 小時

清潔費：BandW Party 並不希望收取場地清潔費，因此懇請各位客人在使用完房間後協助將設施位置還原。但如遇以下情況，本店將會收取清潔費1. 客人離開場地前沒有還原設施位置（$500）2. 客人於場內嘔吐或倒瀉食物、飲品後沒有自行清潔（$500 / 次）3. 客人於波波池內嘔吐或倒瀉食物、飲品（$1500 / 次）",火炭華樂工業中心二期, 場地面積: 1800 (平方尺) ,"
 場地最高可容納人數: 80人 "
Sixth Sense,https://reubird.hk/party-room/Sixth-Sense/nr-Sixth-Sense,"星期一至四：

每位$116 / 3小時
每位$146 / 5小時
每位$156 / 6小時
加鐘每位$20 / 小時
最低消費8人

星期五至日、公眾假期及公眾假期前夕：

每位$126 / 3小時
每位$176 / 5小時
每位$186 / 6小時
加鐘每位$30 / 小時
最低消費8人

備註：

00:00後每位額外加收$10 / 小時（不足一小時亦作一小時計算）
場地雪櫃內所有飲品免費任飲
一經落訂，將不會退還所付訂金
請保持場地完整及清潔，如有需要，將視乎情況收取清潔費$500/賠償費(e.g.損壞、損失、嘔吐物及難清洗的污漬等)
", 屯門建榮街33號, 場地面積: 1000 (平方尺) ,"
 場地最高可容納人數: 30人 "
Little Gathering (小聚坊),https://reubird.hk/party-room/little-gathering-party-room/little-gathering-party-room-6302,"
星期一至五 ：

房間收費，不計人頭
最低消費3小時

1-2人收費

$180 / 3小時
加鐘$50 / 小時

2人或以上收費

$230 / 3小時
加鐘$70 / 小時

星期六日、公眾假期及公眾假期前夕：

房間收費，不計人頭

1-2人收費

$195 / 3小時
加鐘$60 / 小時

2人或以上收費

$250 / 3小時
加鐘$75 / 小時

 備註：

接受FPS 轉數快，支付寶HK，銀行匯款，及現金
請保持清潔！自行還原房間
如有嘔吐、及其他洗不掉污穢、會收取清潔費$500
此收費不適用於特別假日

",觀塘巧明街119-121號年運大廈2樓, 場地面積: 100 (平方尺) ,"
 場地最高可容納人數: 4人 "
iMMORTAL Land,https://reubird.hk/party-room/immortal-land/immortal-land-2224,"iMMORTAL LAND 價目表☀️




時段


價錢



10AM-5PM  任玩4個鐘
$158


6PM-11PM 任玩4個鐘
$178


12AM-9AM 任玩6個鐘
$198



**請星期五六日，公眾假期及其前夕盡量按照時段預約。",觀塘工業中心三期12樓, 場地面積: 1800 (平方尺) ,"
 場地最高可容納人數: 60人 "
Master Club,https://reubird.hk/party-room/master-club/Zp-master-club,,,,
Have Fun Party Room,https://reubird.hk/party-room/have-fun-party/ga-have-fun-party,,,,
Promised Land Boardgame Party House Co.,https://reubird.hk/party-room/mk-promisedland/1y-mk-promisedland,"星期一至四：

每位$20 / 小時
大    廳：最低消費8人及2小時，最低總消費額$600
獨立房間：最低消費4人及2小時
全    場：最低消費20人及2小時

星期五至日、公眾假期及公眾假期前夕：

每位$25 / 小時
大    廳：最低消費8人及2小時，最低總消費額$600
獨立房間：最低消費4人及2小時
全    場：最低消費20人及2小時

注意事項：

預約場地以客人先付訂金作實
本店以半小時為最後計算單位方便顧客（不足半小時亦會以半小時計算）
最後半小時價錢：星期一至四每位$10，凌晨12時後每位$15；星期五至日、公眾假期及公眾假期前夕每位$15
包場金額會以總人數 x 總時數計算
",九龍旺角彌敦道557-559號15樓B室, 場地面積: 1000 (平方尺) ,"
 場地最高可容納人數: 35人 "
Laugh House 樂庫,https://reubird.hk/party-room/laugh-house/Dj-laugh-house,廿,觀塘道404號, 場地面積: 1800 (平方尺) ,"
 場地最高可容納人數: 100人 "
(此場地暫時不接受預約) Pop Rock Music,https://reubird.hk/party-room/pop-rock-music/1a-pop-rock-music,,,,
Chillland Party Room,https://reubird.hk/party-room/chillland-party-room/IQ-chillland-party-room,,,,
Party Here,https://reubird.hk/party-room/kt-party-here/1r-kt-party-here,,,,
Homie Kitchen 食前方丈,https://reubird.hk/party-room/homie-kitchen-kt/D0-homie-kitchen-kt,,,,
Chalk Party - Lan Kwai Fong Central PRIVATE Party Experience,https://reubird.hk/party-room/chalk-party-lan-kwai-fong/iX_chalk-party-lan-kwai-fong,,,,
Panmen Kitchen Partyroom,https://reubird.hk/party-room/panmen-kitchen/IX-panmen-kitchen,,,,
Banana Lab - 海洋房,https://reubird.hk/party-room/banana-boat-ocean/banana-boat-ocean-6553,"星期一至四 

09:00 - 16:00：每位$48 / 小時
16:00 - 23:00：每位$58 / 小時
00:00 - 08:00：包場$300

星期五至日、公眾假期及公眾假期 前夕

09:00 - 16:00：每位$58 / 小時
16:00 - 23:00：每位$68 / 小時
00:00 - 08:00：包場$400
",牛頭角協發工業大廈, 場地面積: 160 (平方尺) ,"
 場地最高可容納人數: 4人 "
Banana Lab B28 - 恐龍房,https://reubird.hk/party-room/banana-boat-dinosaurs/banana-boat-dinosaurs-6552,"星期一至四 

09:00 - 16:00：每位$48 / 小時
16:00 - 23:00：每位$58 / 小時
00:00 - 08:00：包場$300

星期五至日、公眾假期及公眾假期前夕

09:00 - 16:00：每位$58 / 小時
16:00 - 23:00：每位$68 / 小時
00:00 - 08:00：包場$400
",牛頭角協發工業大廈, 場地面積: 200 (平方尺) ,"
 場地最高可容納人數: 8人 "
Party One - 中國房,https://reubird.hk/party-room/party-one-china-room/party-one-china-room-2270,"星期一至四

每位$130 / 首4小時

星期五至日

 每位$150 / 首4小時

 公眾假期及公眾假期前夕

 每位$160 / 首4小時

注意事項

本店沒有加一收費
入場前會收取$500按金
如發現客人在場內吸煙、嘔吐、濺濕設施而引致額外清潔需要，該$500 作為額外清潔費賠償
如情況持續多次發生有機會向客人收取多於 1 次清潔費用
如非店員同意，客人切勿擅自更改或移動場內機器或遊戲設施（還原費為港元$200）
切勿在麻雀枱上面擺放食物或飲料，如有需要，請向店員索取餐墊（清理費為港元$300）
嚴禁在場內玩掟蛋糕、發放紙炮（每次收取特別清潔費為港元$500）
",旺角塘尾道 60-62 號福康工業大廈 1106 室, 場地面積: 300 (平方尺) ,"
 場地最高可容納人數: 12人 "
Party One - 日本房,https://reubird.hk/party-room/party-one-japan-room/party-one-japan-room-2271,"星期一至四

每位$130 / 首4小時

星期五至日

 每位$150 / 首4小時

 公眾假期及公眾假期前夕

 每位$160 / 首4小時

注意事項

本店沒有加一收費
入場前收取$500按金
如發現客人在場內吸煙、嘔吐、濺濕設施而引致額外清潔需要，該$500作為額外清潔費賠償；
如情況持續多次發生有機會向客人收取多於 1 次清潔費用
如非店員同意，客人切勿擅自更改或移動場內機器或遊戲設施（還原費為$200）
切勿在麻雀枱上面擺放食物或飲料，如有需要，請向店員索取餐墊（清理費為$300）
嚴禁在場內玩掟蛋糕、發放紙炮（每次收取特別清潔費為$500）
",旺角塘尾道 60-62 號福康工業大廈 1106 室, 場地面積: 250 (平方尺) ,"
 場地最高可容納人數: 8人 "
Party One - 地中海房,https://reubird.hk/party-room/party-one-med-room/party-one-med-room-2274,"星期一至四

每位$130 / 首4小時

星期五至日

 每位$150 / 首4小時

 公眾假期及公眾假期前夕

 每位$160 / 首4小時

注意事項

本店沒有加一收費
入場前收取$500按金
如發現客人在場內吸煙、嘔吐、濺濕設施而引致額外清潔需要，該$500作為額外清潔費賠償；
如情況持續多次發生有機會向客人收取多於 1 次清潔費用
如非店員同意，客人切勿擅自更改或移動場內機器或遊戲設施（還原費為$200）
切勿在麻雀枱上面擺放食物或飲料，如有需要，請向店員索取餐墊（清理費為$300）
嚴禁在場內玩掟蛋糕、發放紙炮（每次收取特別清潔費為$500）
",旺角塘尾道 60-62 號福康工業大廈 1106 室, 場地面積: 200 (平方尺) ,"
 場地最高可容納人數: 8人 "
Party One - 英倫房,https://reubird.hk/party-room/party-one-england-room/party-one-england-room-2275,"星期一至四

每位$130 / 首4小時

星期五至日

 每位$150 / 首4小時

 公眾假期及公眾假期前夕

 每位$160 / 首4小時

注意事項

本店沒有加一收費
入場前收取$500按金
如發現客人在場內吸煙、嘔吐、濺濕設施而引致額外清潔需要，該$500作為額外清潔費賠償；
如情況持續多次發生有機會向客人收取多於 1 次清潔費用
如非店員同意，客人切勿擅自更改或移動場內機器或遊戲設施（還原費為$200）
切勿在麻雀枱上面擺放食物或飲料，如有需要，請向店員索取餐墊（清理費為$300）
嚴禁在場內玩掟蛋糕、發放紙炮（每次收取特別清潔費為$500）
",旺角塘尾道 60-62 號福康工業大廈 1106 室, 場地面積: 100 (平方尺) ,"
 場地最高可容納人數: 5人 "
Banana Lab B28 - 恐龍房,https://reubird.hk/party-room/banana-boat-dinosaurs/banana-boat-dinosaurs-6552,"星期一至四 

09:00 - 16:00：每位$48 / 小時
16:00 - 23:00：每位$58 / 小時
00:00 - 08:00：包場$300

星期五至日、公眾假期及公眾假期前夕

09:00 - 16:00：每位$58 / 小時
16:00 - 23:00：每位$68 / 小時
00:00 - 08:00：包場$400
",牛頭角協發工業大廈, 場地面積: 200 (平方尺) ,"
 場地最高可容納人數: 8人 "
Banana Lab - 海洋房,https://reubird.hk/party-room/banana-boat-ocean/banana-boat-ocean-6553,"星期一至四 

09:00 - 16:00：每位$48 / 小時
16:00 - 23:00：每位$58 / 小時
00:00 - 08:00：包場$300

星期五至日、公眾假期及公眾假期 前夕

09:00 - 16:00：每位$58 / 小時
16:00 - 23:00：每位$68 / 小時
00:00 - 08:00：包場$400
",牛頭角協發工業大廈, 場地面積: 160 (平方尺) ,"
 場地最高可容納人數: 4人 "
MeTime Party Room,https://reubird.hk/party-room/me-time-party-room/me-time-party-room-7393," 


$150/人 4小時


 ",九龍觀塘駿業街56號中海日升中心33樓f室（熟食市場對面）, 場地面積: 1400 (平方尺) ,"
 場地最高可容納人數: 40人 "
Wild Kitchen Party Room(How Ming Street),https://reubird.hk/party-room/wildkitchen/wildkitchen-7437,,觀塘巧明街119-121號年運大廈13樓D室, 場地面積: 1000 (平方尺) ,"
 場地最高可容納人數: 40人 "
Chill Chill Party Room,https://reubird.hk/party-room/chill-chill-party-room/chill-chill-party-room-7438,"



 


星期一至四


星期五至日、公眾假期及公眾假期前夕




 
10:00 - 23:00


每位$30 / 小時


每位$35 / 小時




23:00 - 10:00


每位$25 / 小時


每位$30 / 小時




 
飲品收費：加 $10 無限任飲
包場10小時或以上可用優惠價$150/人
持有效學生證 每位減$5
注意事項： 每一次場次需付按金及場費 (按金為訂單的50%) ；按金已包清潔費",觀塘巧明街巧明工廠大廈, 場地面積: 200 (平方尺) ,"
 場地最高可容納人數: 10人 "
La Rosa Partyroom,https://reubird.hk/party-room/larosapartyroom/larosapartyroom-7451,新開張優惠價 💓星期一至日：每個鐘每人都只係$3️⃣3️⃣炸‼️⚠️：請注意以上優惠只適用於4人或以上，而最低消費為4小時起。,長沙灣永康街55號金百盛中心, 場地面積: 834 (平方尺) ,"
 場地最高可容納人數: 30人 "
Q24 Party Room,https://reubird.hk/party-room/q24-party-room/q24-party-room-6465,"星期一至四 （最少3人起）

9am  -  6pm ： 每位$105 / 4小時 ，每位+$25 / +1小時
6pm  - 12am ：每位$120 / 4小時，每位+$30 / +1小時
12am - 9am  ：每位$140 / 9小時，每位+$20 / +1小時
*無限暢飲汽水及紙包飲品 (非酒精) 每位+$10

 
星期五至日、公眾假期及公眾假期前夕 （最少4人起）

9am  -  6pm ： 每位$120 / 4小時 ，每位+$30 / +1小時
6pm  - 12am ：每位$135 / 4小時 ，每位+$35 / +1小時
12am - 9am  ：每位$150 / 9小時 ，每位+$20 / +1小時
*無限暢飲汽水及紙包飲品 (非酒精) 每位+$10

 ",旺角西洋菜南街1A-1K百寶利商業中心, 場地面積: 300 (平方尺) ,"
 場地最高可容納人數: 10人 "
Endless Party House - 工業風格,https://reubird.hk/party-room/endless-party-industrialist/ny-endless-party-industrialist,"
每位$42 / 小時
",尖沙咀加拿芬道49號夏惠樓, 場地面積: 2000 (平方尺) ,"
 場地最高可容納人數: 4人 "
Endless Party House - 天空藍,https://reubird.hk/party-room/endless-party-skyblue/Dr-endless-party-skyblue,"
每位$42 / 小時
",尖沙咀加拿芬道49號夏惠樓, 場地面積: 2000 (平方尺) ,"
 場地最高可容納人數: 4人 "
Endless Party House - 無盡白房,https://reubird.hk/party-room/endless-party-white/Da-endless-party-white,"
每位$42 / 小時
",尖沙咀加拿芬道49號夏惠樓, 場地面積: 2000 (平方尺) ,"
 場地最高可容納人數: 4人 "
Endless Party House - 星空房,https://reubird.hk/party-room/endless-party-star/gD-endless-party-star,"
每位$42 / 小時
",尖沙咀加拿芬道49號夏惠樓, 場地面積: 2000 (平方尺) ,"
 場地最高可容納人數: 4人 "
